path,stage,val_bin,count
image,sliced,-0.317986,4318
image,sliced,-0.310053,5103
image,sliced,-0.30212,5717
image,sliced,-0.294187,6538
image,sliced,-0.286255,7590
image,sliced,-0.278322,8665
image,sliced,-0.270389,10016
image,sliced,-0.262456,11217
image,sliced,-0.254523,13176
image,sliced,-0.24659,15017
image,sliced,-0.238657,17109
image,sliced,-0.230724,19534
image,sliced,-0.222791,21942
image,sliced,-0.214859,24712
image,sliced,-0.206926,27644
image,sliced,-0.198993,31067
image,sliced,-0.19106,35175
image,sliced,-0.183127,39744
image,sliced,-0.175194,43433
image,sliced,-0.167261,48205
image,sliced,-0.159328,53218
image,sliced,-0.151396,58786
image,sliced,-0.143463,64233
image,sliced,-0.13553,70090
image,sliced,-0.127597,76447
image,sliced,-0.119664,83463
image,sliced,-0.111731,88960
image,sliced,-0.103798,94964
image,sliced,-0.095865,101850
image,sliced,-0.087932,107974
image,sliced,-0.08,113141
image,sliced,-0.072067,119237
image,sliced,-0.064134,124102
image,sliced,-0.056201,129440
image,sliced,-0.048268,133883
image,sliced,-0.040335,137635
image,sliced,-0.032402,140442
image,sliced,-0.024469,143954
image,sliced,-0.016537,144677
image,sliced,-0.008604,145964
image,sliced,-0.000671,145984
image,sliced,0.007262,145185
image,sliced,0.015195,143187
image,sliced,0.023128,141228
image,sliced,0.031061,137576
image,sliced,0.038994,134502
image,sliced,0.046926,129607
image,sliced,0.054859,125456
image,sliced,0.062792,119797
image,sliced,0.070725,114742
image,sliced,0.078658,108150
image,sliced,0.086591,102004
image,sliced,0.094524,95306
image,sliced,0.102457,89777
image,sliced,0.11039,83014
image,sliced,0.118322,76294
image,sliced,0.126255,70488
image,sliced,0.134188,65061
image,sliced,0.142121,59198
image,sliced,0.150054,53528
image,sliced,0.157987,48592
image,sliced,0.16592,43804
image,sliced,0.173853,39915
image,sliced,0.181785,35642
image,sliced,0.189718,31734
image,sliced,0.197651,28374
image,sliced,0.205584,25245
image,sliced,0.213517,22163
image,sliced,0.22145,19562
image,sliced,0.229383,17248
image,sliced,0.237316,14928
image,sliced,0.245249,13237
image,sliced,0.253181,11852
image,sliced,0.261114,10054
image,sliced,0.269047,8743
image,sliced,0.27698,7782
image,sliced,0.284913,6529
image,sliced,0.292846,5664
image,sliced,0.300779,4937
image,sliced,0.308712,4329
image,bn,-2.478988,4892
image,bn,-2.417052,5727
image,bn,-2.355115,6673
image,bn,-2.293178,7626
image,bn,-2.231241,8986
image,bn,-2.169304,10237
image,bn,-2.107368,11753
image,bn,-2.045431,13328
image,bn,-1.983494,15532
image,bn,-1.921557,17339
image,bn,-1.85962,19748
image,bn,-1.797684,22473
image,bn,-1.735747,25703
image,bn,-1.67381,28348
image,bn,-1.611873,31649
image,bn,-1.549936,35775
image,bn,-1.488,39815
image,bn,-1.426063,43838
image,bn,-1.364126,48315
image,bn,-1.302189,52932
image,bn,-1.240252,57663
image,bn,-1.178316,62923
image,bn,-1.116379,68067
image,bn,-1.054442,73605
image,bn,-0.992505,78644
image,bn,-0.930568,84702
image,bn,-0.868632,89579
image,bn,-0.806695,95443
image,bn,-0.744758,100976
image,bn,-0.682821,105861
image,bn,-0.620884,110937
image,bn,-0.558948,115422
image,bn,-0.497011,119609
image,bn,-0.435074,123421
image,bn,-0.373137,126616
image,bn,-0.3112,129321
image,bn,-0.249264,131944
image,bn,-0.187327,134223
image,bn,-0.12539,135614
image,bn,-0.063453,135461
image,bn,-0.001516,135793
image,bn,0.06042,135353
image,bn,0.122357,133892
image,bn,0.184294,132321
image,bn,0.246231,130265
image,bn,0.308168,127174
image,bn,0.370104,123703
image,bn,0.432041,119567
image,bn,0.493978,115528
image,bn,0.555915,110512
image,bn,0.617852,106156
image,bn,0.679788,101222
image,bn,0.741725,95640
image,bn,0.803662,90351
image,bn,0.865599,84928
image,bn,0.927536,79834
image,bn,0.989472,74222
image,bn,1.051409,68213
image,bn,1.113346,63091
image,bn,1.175283,57775
image,bn,1.23722,52834
image,bn,1.299156,48388
image,bn,1.361093,43605
image,bn,1.42303,40084
image,bn,1.484967,35865
image,bn,1.546904,31956
image,bn,1.60884,28609
image,bn,1.670777,25396
image,bn,1.732714,22598
image,bn,1.794651,20191
image,bn,1.856588,18039
image,bn,1.918524,15635
image,bn,1.980461,13564
image,bn,2.042398,11910
image,bn,2.104335,10195
image,bn,2.166272,8937
image,bn,2.228208,7658
image,bn,2.290145,6597
image,bn,2.352082,5685
image,bn,2.414019,4794
image,z,-0.080489,5221
image,z,-0.078475,6167
image,z,-0.076461,7143
image,z,-0.074447,8527
image,z,-0.072433,9671
image,z,-0.070419,11114
image,z,-0.068405,12740
image,z,-0.066391,14624
image,z,-0.064377,16725
image,z,-0.062363,19021
image,z,-0.060349,21524
image,z,-0.058335,24396
image,z,-0.056321,27326
image,z,-0.054307,30637
image,z,-0.052293,34238
image,z,-0.050279,38060
image,z,-0.048265,42046
image,z,-0.046251,46201
image,z,-0.044237,50715
image,z,-0.042223,55441
image,z,-0.040209,60084
image,z,-0.038195,64861
image,z,-0.036181,70194
image,z,-0.034167,75150
image,z,-0.032153,80107
image,z,-0.030139,84950
image,z,-0.028125,90692
image,z,-0.026111,95361
image,z,-0.024097,100781
image,z,-0.022083,105310
image,z,-0.020069,109389
image,z,-0.018055,113069
image,z,-0.016041,116921
image,z,-0.014027,121086
image,z,-0.012013,123475
image,z,-0.009999,125788
image,z,-0.007985,127665
image,z,-0.005971,130371
image,z,-0.003957,130914
image,z,-0.001943,130864
image,z,7.1e-05,131402
image,z,0.002085,130755
image,z,0.004099,129612
image,z,0.006113,128007
image,z,0.008127,126578
image,z,0.010141,123475
image,z,0.012155,120005
image,z,0.014169,117427
image,z,0.016183,112491
image,z,0.018197,108739
image,z,0.020211,104961
image,z,0.022225,99749
image,z,0.024239,95405
image,z,0.026253,90057
image,z,0.028267,85419
image,z,0.030281,80588
image,z,0.032295,74828
image,z,0.034309,69892
image,z,0.036323,64832
image,z,0.038337,59498
image,z,0.040351,54708
image,z,0.042365,50262
image,z,0.044379,45734
image,z,0.046393,41238
image,z,0.048407,37611
image,z,0.050421,33953
image,z,0.052435,30348
image,z,0.054449,27265
image,z,0.056463,24250
image,z,0.058477,21577
image,z,0.060491,18880
image,z,0.062505,16755
image,z,0.064519,14541
image,z,0.066533,12656
image,z,0.068547,10954
image,z,0.070561,9464
image,z,0.072575,8294
image,z,0.074589,6935
image,z,0.076603,6088
image,z,0.078617,4998
ceiling,sliced,-0.385798,4748
ceiling,sliced,-0.376138,5338
ceiling,sliced,-0.366477,6224
ceiling,sliced,-0.356816,7369
ceiling,sliced,-0.347156,8470
ceiling,sliced,-0.337495,9738
ceiling,sliced,-0.327835,11264
ceiling,sliced,-0.318174,12771
ceiling,sliced,-0.308513,14539
ceiling,sliced,-0.298853,16891
ceiling,sliced,-0.289192,19267
ceiling,sliced,-0.279531,21559
ceiling,sliced,-0.269871,24307
ceiling,sliced,-0.26021,27522
ceiling,sliced,-0.250549,31086
ceiling,sliced,-0.240889,34317
ceiling,sliced,-0.231228,38308
ceiling,sliced,-0.221568,42773
ceiling,sliced,-0.211907,46531
ceiling,sliced,-0.202246,51434
ceiling,sliced,-0.192586,56549
ceiling,sliced,-0.182925,61929
ceiling,sliced,-0.173264,67236
ceiling,sliced,-0.163604,72484
ceiling,sliced,-0.153943,78383
ceiling,sliced,-0.144283,84090
ceiling,sliced,-0.134622,89776
ceiling,sliced,-0.124961,95130
ceiling,sliced,-0.115301,101283
ceiling,sliced,-0.10564,106417
ceiling,sliced,-0.095979,112281
ceiling,sliced,-0.086319,117143
ceiling,sliced,-0.076658,121824
ceiling,sliced,-0.066998,125305
ceiling,sliced,-0.057337,130087
ceiling,sliced,-0.047676,132318
ceiling,sliced,-0.038016,134883
ceiling,sliced,-0.028355,137309
ceiling,sliced,-0.018694,138696
ceiling,sliced,-0.009034,139455
ceiling,sliced,0.000627,138482
ceiling,sliced,0.010288,138603
ceiling,sliced,0.019948,137883
ceiling,sliced,0.029609,135273
ceiling,sliced,0.039269,133126
ceiling,sliced,0.04893,129810
ceiling,sliced,0.058591,126503
ceiling,sliced,0.068251,121296
ceiling,sliced,0.077912,116760
ceiling,sliced,0.087573,112066
ceiling,sliced,0.097233,106736
ceiling,sliced,0.106894,100610
ceiling,sliced,0.116554,95512
ceiling,sliced,0.126215,89442
ceiling,sliced,0.135876,83938
ceiling,sliced,0.145536,77977
ceiling,sliced,0.155197,72310
ceiling,sliced,0.164858,66588
ceiling,sliced,0.174518,61585
ceiling,sliced,0.184179,55970
ceiling,sliced,0.193839,51590
ceiling,sliced,0.2035,46580
ceiling,sliced,0.213161,42126
ceiling,sliced,0.222821,37948
ceiling,sliced,0.232482,33970
ceiling,sliced,0.242143,30776
ceiling,sliced,0.251803,27100
ceiling,sliced,0.261464,24305
ceiling,sliced,0.271125,21283
ceiling,sliced,0.280785,19059
ceiling,sliced,0.290446,16611
ceiling,sliced,0.300106,14627
ceiling,sliced,0.309767,12938
ceiling,sliced,0.319428,11201
ceiling,sliced,0.329088,9530
ceiling,sliced,0.338749,8240
ceiling,sliced,0.34841,7090
ceiling,sliced,0.35807,6231
ceiling,sliced,0.367731,5457
ceiling,sliced,0.377391,4634
ceiling,bn,-2.709975,4829
ceiling,bn,-2.642257,5657
ceiling,bn,-2.574539,6350
ceiling,bn,-2.506821,7568
ceiling,bn,-2.439103,8881
ceiling,bn,-2.371385,10132
ceiling,bn,-2.303668,11651
ceiling,bn,-2.23595,13372
ceiling,bn,-2.168232,15534
ceiling,bn,-2.100514,17571
ceiling,bn,-2.032796,20034
ceiling,bn,-1.965078,22526
ceiling,bn,-1.89736,25281
ceiling,bn,-1.829643,28543
ceiling,bn,-1.761925,32001
ceiling,bn,-1.694207,35314
ceiling,bn,-1.626489,39285
ceiling,bn,-1.558771,43006
ceiling,bn,-1.491053,47806
ceiling,bn,-1.423336,52747
ceiling,bn,-1.355618,57385
ceiling,bn,-1.2879,62651
ceiling,bn,-1.220182,67885
ceiling,bn,-1.152464,73804
ceiling,bn,-1.084746,78509
ceiling,bn,-1.017028,84052
ceiling,bn,-0.949311,89186
ceiling,bn,-0.881593,95043
ceiling,bn,-0.813875,100527
ceiling,bn,-0.746157,105958
ceiling,bn,-0.678439,110317
ceiling,bn,-0.610721,115973
ceiling,bn,-0.543004,120017
ceiling,bn,-0.475286,123560
ceiling,bn,-0.407568,127234
ceiling,bn,-0.33985,129767
ceiling,bn,-0.272132,133033
ceiling,bn,-0.204414,134244
ceiling,bn,-0.136696,136093
ceiling,bn,-0.068979,135652
ceiling,bn,-0.001261,135930
ceiling,bn,0.066457,135291
ceiling,bn,0.134175,135258
ceiling,bn,0.201893,133176
ceiling,bn,0.269611,130668
ceiling,bn,0.337328,127862
ceiling,bn,0.405046,124693
ceiling,bn,0.472764,120682
ceiling,bn,0.540482,115828
ceiling,bn,0.6082,111124
ceiling,bn,0.675918,105876
ceiling,bn,0.743636,100655
ceiling,bn,0.811353,95679
ceiling,bn,0.879071,90412
ceiling,bn,0.946789,84504
ceiling,bn,1.014507,79438
ceiling,bn,1.082225,73100
ceiling,bn,1.149943,67923
ceiling,bn,1.21766,62796
ceiling,bn,1.285378,57923
ceiling,bn,1.353096,52923
ceiling,bn,1.420814,48467
ceiling,bn,1.488532,43890
ceiling,bn,1.55625,39556
ceiling,bn,1.623968,35731
ceiling,bn,1.691685,31818
ceiling,bn,1.759403,28860
ceiling,bn,1.827121,25252
ceiling,bn,1.894839,22410
ceiling,bn,1.962557,20125
ceiling,bn,2.030275,17644
ceiling,bn,2.097992,15397
ceiling,bn,2.16571,13349
ceiling,bn,2.233428,11984
ceiling,bn,2.301146,10109
ceiling,bn,2.368864,8863
ceiling,bn,2.436582,7570
ceiling,bn,2.5043,6523
ceiling,bn,2.572017,5608
ceiling,bn,2.639735,4925
ceiling,z,-0.080039,5238
ceiling,z,-0.078038,6014
ceiling,z,-0.076037,7268
ceiling,z,-0.074035,8443
ceiling,z,-0.072034,10016
ceiling,z,-0.070033,11469
ceiling,z,-0.068031,13291
ceiling,z,-0.06603,15113
ceiling,z,-0.064029,17199
ceiling,z,-0.062027,19520
ceiling,z,-0.060026,21944
ceiling,z,-0.058025,25001
ceiling,z,-0.056024,27883
ceiling,z,-0.054022,31653
ceiling,z,-0.052021,34846
ceiling,z,-0.05002,38510
ceiling,z,-0.048018,42862
ceiling,z,-0.046017,46489
ceiling,z,-0.044016,50946
ceiling,z,-0.042015,55550
ceiling,z,-0.040013,60334
ceiling,z,-0.038012,65281
ceiling,z,-0.036011,70185
ceiling,z,-0.034009,75344
ceiling,z,-0.032008,80109
ceiling,z,-0.030007,84806
ceiling,z,-0.028006,90360
ceiling,z,-0.026004,94579
ceiling,z,-0.024003,99861
ceiling,z,-0.022002,103922
ceiling,z,-0.02,108773
ceiling,z,-0.017999,113018
ceiling,z,-0.015998,115714
ceiling,z,-0.013996,119614
ceiling,z,-0.011995,122262
ceiling,z,-0.009994,124735
ceiling,z,-0.007993,127137
ceiling,z,-0.005991,128025
ceiling,z,-0.00399,129747
ceiling,z,-0.001989,129232
ceiling,z,1.3e-05,129431
ceiling,z,0.002014,129352
ceiling,z,0.004015,129033
ceiling,z,0.006016,127201
ceiling,z,0.008018,125315
ceiling,z,0.010019,122970
ceiling,z,0.01202,119781
ceiling,z,0.014022,116693
ceiling,z,0.016023,113095
ceiling,z,0.018024,108482
ceiling,z,0.020025,104682
ceiling,z,0.022027,99977
ceiling,z,0.024028,94755
ceiling,z,0.026029,90437
ceiling,z,0.028031,85181
ceiling,z,0.030032,80594
ceiling,z,0.032033,74998
ceiling,z,0.034035,69808
ceiling,z,0.036036,64956
ceiling,z,0.038037,60774
ceiling,z,0.040038,55605
ceiling,z,0.04204,51150
ceiling,z,0.044041,46742
ceiling,z,0.046042,42621
ceiling,z,0.048044,38455
ceiling,z,0.050045,34496
ceiling,z,0.052046,31582
ceiling,z,0.054047,27997
ceiling,z,0.056049,24853
ceiling,z,0.05805,22207
ceiling,z,0.060051,19224
ceiling,z,0.062053,17157
ceiling,z,0.064054,15158
ceiling,z,0.066055,13247
ceiling,z,0.068056,11204
ceiling,z,0.070058,9765
ceiling,z,0.072059,8666
ceiling,z,0.07406,7311
ceiling,z,0.076062,6310
ceiling,z,0.078063,5242
distillation,sliced,-0.381175,4490
distillation,sliced,-0.371621,5237
distillation,sliced,-0.362067,6160
distillation,sliced,-0.352512,6786
distillation,sliced,-0.342958,8185
distillation,sliced,-0.333404,9445
distillation,sliced,-0.32385,10879
distillation,sliced,-0.314295,12211
distillation,sliced,-0.304741,14417
distillation,sliced,-0.295187,16135
distillation,sliced,-0.285633,18432
distillation,sliced,-0.276079,20642
distillation,sliced,-0.266524,23754
distillation,sliced,-0.25697,26527
distillation,sliced,-0.247416,30057
distillation,sliced,-0.237862,33523
distillation,sliced,-0.228308,37247
distillation,sliced,-0.218753,41589
distillation,sliced,-0.209199,46497
distillation,sliced,-0.199645,50804
distillation,sliced,-0.190091,55663
distillation,sliced,-0.180537,61201
distillation,sliced,-0.170982,66131
distillation,sliced,-0.161428,72253
distillation,sliced,-0.151874,78023
distillation,sliced,-0.14232,83974
distillation,sliced,-0.132765,89876
distillation,sliced,-0.123211,95666
distillation,sliced,-0.113657,101744
distillation,sliced,-0.104103,107181
distillation,sliced,-0.094549,112651
distillation,sliced,-0.084994,118211
distillation,sliced,-0.07544,122882
distillation,sliced,-0.065886,126951
distillation,sliced,-0.056332,131227
distillation,sliced,-0.046778,135466
distillation,sliced,-0.037223,137065
distillation,sliced,-0.027669,139319
distillation,sliced,-0.018115,140578
distillation,sliced,-0.008561,140983
distillation,sliced,0.000994,141402
distillation,sliced,0.010548,140328
distillation,sliced,0.020102,138859
distillation,sliced,0.029656,137139
distillation,sliced,0.03921,134514
distillation,sliced,0.048765,131132
distillation,sliced,0.058319,127701
distillation,sliced,0.067873,121977
distillation,sliced,0.077427,117495
distillation,sliced,0.086981,111535
distillation,sliced,0.096536,107130
distillation,sliced,0.10609,101248
distillation,sliced,0.115644,95128
distillation,sliced,0.125198,89688
distillation,sliced,0.134752,83633
distillation,sliced,0.144307,77935
distillation,sliced,0.153861,71445
distillation,sliced,0.163415,65702
distillation,sliced,0.172969,60802
distillation,sliced,0.182524,55794
distillation,sliced,0.192078,50118
distillation,sliced,0.201632,45925
distillation,sliced,0.211186,41145
distillation,sliced,0.22074,37001
distillation,sliced,0.230295,33089
distillation,sliced,0.239849,29406
distillation,sliced,0.249403,26379
distillation,sliced,0.258957,23326
distillation,sliced,0.268511,20868
distillation,sliced,0.278066,18371
distillation,sliced,0.28762,16161
distillation,sliced,0.297174,13837
distillation,sliced,0.306728,12165
distillation,sliced,0.316283,10612
distillation,sliced,0.325837,9384
distillation,sliced,0.335391,7993
distillation,sliced,0.344945,6897
distillation,sliced,0.354499,5890
distillation,sliced,0.364054,5180
distillation,sliced,0.373608,4404
distillation,bn,-2.663879,4889
distillation,bn,-2.59728,5432
distillation,bn,-2.530681,6306
distillation,bn,-2.464082,7314
distillation,bn,-2.397483,8672
distillation,bn,-2.330884,9831
distillation,bn,-2.264285,11381
distillation,bn,-2.197686,13144
distillation,bn,-2.131087,15199
distillation,bn,-2.064488,17106
distillation,bn,-1.99789,19330
distillation,bn,-1.931291,22052
distillation,bn,-1.864692,24614
distillation,bn,-1.798093,27844
distillation,bn,-1.731494,31603
distillation,bn,-1.664895,34599
distillation,bn,-1.598296,38785
distillation,bn,-1.531697,43014
distillation,bn,-1.465098,47562
distillation,bn,-1.398499,51999
distillation,bn,-1.3319,57147
distillation,bn,-1.265301,62154
distillation,bn,-1.198702,67708
distillation,bn,-1.132103,72458
distillation,bn,-1.065504,78092
distillation,bn,-0.998905,84172
distillation,bn,-0.932306,90223
distillation,bn,-0.865707,95019
distillation,bn,-0.799108,100919
distillation,bn,-0.732509,106153
distillation,bn,-0.66591,111081
distillation,bn,-0.599311,116100
distillation,bn,-0.532712,120434
distillation,bn,-0.466113,124289
distillation,bn,-0.399514,128336
distillation,bn,-0.332915,131344
distillation,bn,-0.266316,133319
distillation,bn,-0.199717,135312
distillation,bn,-0.133119,137102
distillation,bn,-0.06652,137565
distillation,bn,7.9e-05,137229
distillation,bn,0.066678,136636
distillation,bn,0.133277,135400
distillation,bn,0.199876,133564
distillation,bn,0.266475,131716
distillation,bn,0.333074,128614
distillation,bn,0.399673,124978
distillation,bn,0.466272,120646
distillation,bn,0.532871,116019
distillation,bn,0.59947,111441
distillation,bn,0.666069,106737
distillation,bn,0.732668,100248
distillation,bn,0.799267,95820
distillation,bn,0.865866,90134
distillation,bn,0.932465,85042
distillation,bn,0.999064,78983
distillation,bn,1.065663,73564
distillation,bn,1.132262,67961
distillation,bn,1.198861,62485
distillation,bn,1.26546,57392
distillation,bn,1.332059,52606
distillation,bn,1.398658,48058
distillation,bn,1.465257,43682
distillation,bn,1.531856,39350
distillation,bn,1.598455,34712
distillation,bn,1.665054,31421
distillation,bn,1.731652,28158
distillation,bn,1.798251,25212
distillation,bn,1.86485,22233
distillation,bn,1.931449,19515
distillation,bn,1.998048,17044
distillation,bn,2.064647,14936
distillation,bn,2.131246,13389
distillation,bn,2.197845,11591
distillation,bn,2.264444,10061
distillation,bn,2.331043,8537
distillation,bn,2.397642,7325
distillation,bn,2.464241,6457
distillation,bn,2.53084,5551
distillation,bn,2.597439,4750
distillation,z,-0.080406,5170
distillation,z,-0.078398,6031
distillation,z,-0.076389,7069
distillation,z,-0.07438,8160
distillation,z,-0.072371,9694
distillation,z,-0.070363,10977
distillation,z,-0.068354,12669
distillation,z,-0.066345,14573
distillation,z,-0.064336,16825
distillation,z,-0.062328,19054
distillation,z,-0.060319,21799
distillation,z,-0.05831,24510
distillation,z,-0.056301,27199
distillation,z,-0.054293,30787
distillation,z,-0.052284,33892
distillation,z,-0.050275,37849
distillation,z,-0.048267,41736
distillation,z,-0.046258,46126
distillation,z,-0.044249,50544
distillation,z,-0.04224,55220
distillation,z,-0.040232,59785
distillation,z,-0.038223,64558
distillation,z,-0.036214,69881
distillation,z,-0.034205,74630
distillation,z,-0.032197,79430
distillation,z,-0.030188,85274
distillation,z,-0.028179,90285
distillation,z,-0.02617,94672
distillation,z,-0.024162,99820
distillation,z,-0.022153,104551
distillation,z,-0.020144,108446
distillation,z,-0.018135,112603
distillation,z,-0.016127,116567
distillation,z,-0.014118,119636
distillation,z,-0.012109,123360
distillation,z,-0.0101,125447
distillation,z,-0.008092,126927
distillation,z,-0.006083,128752
distillation,z,-0.004074,130519
distillation,z,-0.002066,130784
distillation,z,-5.7e-05,130587
distillation,z,0.001952,129921
distillation,z,0.003961,128697
distillation,z,0.005969,127946
distillation,z,0.007978,126044
distillation,z,0.009987,123614
distillation,z,0.011996,120534
distillation,z,0.014004,116866
distillation,z,0.016013,113225
distillation,z,0.018022,109239
distillation,z,0.020031,105097
distillation,z,0.022039,99966
distillation,z,0.024048,95347
distillation,z,0.026057,90945
distillation,z,0.028066,85729
distillation,z,0.030074,80227
distillation,z,0.032083,75624
distillation,z,0.034092,71037
distillation,z,0.036101,65413
distillation,z,0.038109,60298
distillation,z,0.040118,55694
distillation,z,0.042127,51198
distillation,z,0.044135,46522
distillation,z,0.046144,42532
distillation,z,0.048153,38441
distillation,z,0.050162,34497
distillation,z,0.05217,31481
distillation,z,0.054179,28154
distillation,z,0.056188,24430
distillation,z,0.058197,21955
distillation,z,0.060205,19294
distillation,z,0.062214,16944
distillation,z,0.064223,14789
distillation,z,0.066232,12816
distillation,z,0.06824,11125
distillation,z,0.070249,9753
distillation,z,0.072258,8424
distillation,z,0.074267,7110
distillation,z,0.076275,6210
distillation,z,0.078284,5264
head-adapt,sliced,-0.357662,4897
head-adapt,sliced,-0.348708,5671
head-adapt,sliced,-0.339754,6650
head-adapt,sliced,-0.330799,7815
head-adapt,sliced,-0.321845,9037
head-adapt,sliced,-0.312891,10385
head-adapt,sliced,-0.303937,11624
head-adapt,sliced,-0.294982,13388
head-adapt,sliced,-0.286028,15459
head-adapt,sliced,-0.277074,17499
head-adapt,sliced,-0.26812,19973
head-adapt,sliced,-0.259165,22502
head-adapt,sliced,-0.250211,25461
head-adapt,sliced,-0.241257,28615
head-adapt,sliced,-0.232303,31926
head-adapt,sliced,-0.223348,35516
head-adapt,sliced,-0.214394,39721
head-adapt,sliced,-0.20544,43632
head-adapt,sliced,-0.196486,48348
head-adapt,sliced,-0.187531,52996
head-adapt,sliced,-0.178577,57777
head-adapt,sliced,-0.169623,63090
head-adapt,sliced,-0.160669,68681
head-adapt,sliced,-0.151714,73761
head-adapt,sliced,-0.14276,79110
head-adapt,sliced,-0.133806,84739
head-adapt,sliced,-0.124852,90453
head-adapt,sliced,-0.115897,96243
head-adapt,sliced,-0.106943,101930
head-adapt,sliced,-0.097989,106844
head-adapt,sliced,-0.089035,111481
head-adapt,sliced,-0.08008,116542
head-adapt,sliced,-0.071126,121086
head-adapt,sliced,-0.062172,124127
head-adapt,sliced,-0.053218,127512
head-adapt,sliced,-0.044263,131931
head-adapt,sliced,-0.035309,133363
head-adapt,sliced,-0.026355,133785
head-adapt,sliced,-0.017401,136337
head-adapt,sliced,-0.008446,136652
head-adapt,sliced,0.000508,137315
head-adapt,sliced,0.009462,135891
head-adapt,sliced,0.018416,134813
head-adapt,sliced,0.027371,132846
head-adapt,sliced,0.036325,130260
head-adapt,sliced,0.045279,126862
head-adapt,sliced,0.054233,123986
head-adapt,sliced,0.063188,119850
head-adapt,sliced,0.072142,115795
head-adapt,sliced,0.081096,110606
head-adapt,sliced,0.09005,105564
head-adapt,sliced,0.099005,100712
head-adapt,sliced,0.107959,95244
head-adapt,sliced,0.116913,89599
head-adapt,sliced,0.125867,83465
head-adapt,sliced,0.134822,78430
head-adapt,sliced,0.143776,72943
head-adapt,sliced,0.15273,67542
head-adapt,sliced,0.161685,62216
head-adapt,sliced,0.170639,56865
head-adapt,sliced,0.179593,52146
head-adapt,sliced,0.188547,47588
head-adapt,sliced,0.197502,43032
head-adapt,sliced,0.206456,38644
head-adapt,sliced,0.21541,34752
head-adapt,sliced,0.224364,31119
head-adapt,sliced,0.233319,27747
head-adapt,sliced,0.242273,24932
head-adapt,sliced,0.251227,22017
head-adapt,sliced,0.260181,19505
head-adapt,sliced,0.269136,17354
head-adapt,sliced,0.27809,14972
head-adapt,sliced,0.287044,13407
head-adapt,sliced,0.295998,11478
head-adapt,sliced,0.304953,9952
head-adapt,sliced,0.313907,8701
head-adapt,sliced,0.322861,7487
head-adapt,sliced,0.331815,6380
head-adapt,sliced,0.34077,5460
head-adapt,sliced,0.349724,4764
head-adapt,bn,-2.511396,4939
head-adapt,bn,-2.448594,5612
head-adapt,bn,-2.385792,6702
head-adapt,bn,-2.32299,7657
head-adapt,bn,-2.260188,8925
head-adapt,bn,-2.197385,10274
head-adapt,bn,-2.134583,11829
head-adapt,bn,-2.071781,13436
head-adapt,bn,-2.008979,15570
head-adapt,bn,-1.946177,17697
head-adapt,bn,-1.883375,19990
head-adapt,bn,-1.820573,22643
head-adapt,bn,-1.757771,25327
head-adapt,bn,-1.694968,28578
head-adapt,bn,-1.632166,32238
head-adapt,bn,-1.569364,35707
head-adapt,bn,-1.506562,39558
head-adapt,bn,-1.44376,43966
head-adapt,bn,-1.380958,48215
head-adapt,bn,-1.318156,52702
head-adapt,bn,-1.255353,57644
head-adapt,bn,-1.192551,62418
head-adapt,bn,-1.129749,68183
head-adapt,bn,-1.066947,74139
head-adapt,bn,-1.004145,79547
head-adapt,bn,-0.941343,84626
head-adapt,bn,-0.878541,90335
head-adapt,bn,-0.815738,96266
head-adapt,bn,-0.752936,100744
head-adapt,bn,-0.690134,105961
head-adapt,bn,-0.627332,110979
head-adapt,bn,-0.56453,116368
head-adapt,bn,-0.501728,120374
head-adapt,bn,-0.438926,124018
head-adapt,bn,-0.376124,127318
head-adapt,bn,-0.313321,129699
head-adapt,bn,-0.250519,131805
head-adapt,bn,-0.187717,133701
head-adapt,bn,-0.124915,135195
head-adapt,bn,-0.062113,135728
head-adapt,bn,0.000689,135460
head-adapt,bn,0.063491,135334
head-adapt,bn,0.126294,134247
head-adapt,bn,0.189096,132854
head-adapt,bn,0.251898,129704
head-adapt,bn,0.3147,126555
head-adapt,bn,0.377502,123586
head-adapt,bn,0.440304,119231
head-adapt,bn,0.503106,115393
head-adapt,bn,0.565909,110721
head-adapt,bn,0.628711,105548
head-adapt,bn,0.691513,100551
head-adapt,bn,0.754315,95934
head-adapt,bn,0.817117,90012
head-adapt,bn,0.879919,84311
head-adapt,bn,0.942721,79233
head-adapt,bn,1.005523,73495
head-adapt,bn,1.068326,68168
head-adapt,bn,1.131128,62708
head-adapt,bn,1.19393,57827
head-adapt,bn,1.256732,53006
head-adapt,bn,1.319534,48175
head-adapt,bn,1.382336,43807
head-adapt,bn,1.445138,39575
head-adapt,bn,1.507941,35424
head-adapt,bn,1.570743,32486
head-adapt,bn,1.633545,28515
head-adapt,bn,1.696347,25551
head-adapt,bn,1.759149,22518
head-adapt,bn,1.821951,20036
head-adapt,bn,1.884753,17417
head-adapt,bn,1.947556,15361
head-adapt,bn,2.010358,13613
head-adapt,bn,2.07316,11883
head-adapt,bn,2.135962,10201
head-adapt,bn,2.198764,8846
head-adapt,bn,2.261566,7785
head-adapt,bn,2.324368,6573
head-adapt,bn,2.38717,5704
head-adapt,bn,2.449973,4839
head-adapt,z,-0.079847,5443
head-adapt,z,-0.077849,6362
head-adapt,z,-0.075851,7471
head-adapt,z,-0.073853,8689
head-adapt,z,-0.071855,10118
head-adapt,z,-0.069857,11480
head-adapt,z,-0.067859,13347
head-adapt,z,-0.065861,15374
head-adapt,z,-0.063863,17110
head-adapt,z,-0.061865,19716
head-adapt,z,-0.059867,22099
head-adapt,z,-0.057869,25102
head-adapt,z,-0.055871,28535
head-adapt,z,-0.053873,31780
head-adapt,z,-0.051875,34904
head-adapt,z,-0.049877,39073
head-adapt,z,-0.047879,43125
head-adapt,z,-0.045881,46731
head-adapt,z,-0.043883,51253
head-adapt,z,-0.041885,56041
head-adapt,z,-0.039888,60482
head-adapt,z,-0.03789,65452
head-adapt,z,-0.035892,69990
head-adapt,z,-0.033894,75815
head-adapt,z,-0.031896,80754
head-adapt,z,-0.029898,85611
head-adapt,z,-0.0279,90652
head-adapt,z,-0.025902,95431
head-adapt,z,-0.023904,100197
head-adapt,z,-0.021906,104783
head-adapt,z,-0.019908,108958
head-adapt,z,-0.01791,112807
head-adapt,z,-0.015912,116877
head-adapt,z,-0.013914,119791
head-adapt,z,-0.011916,122400
head-adapt,z,-0.009918,124161
head-adapt,z,-0.00792,126276
head-adapt,z,-0.005922,127358
head-adapt,z,-0.003924,129006
head-adapt,z,-0.001926,129252
head-adapt,z,7.2e-05,128954
head-adapt,z,0.00207,128899
head-adapt,z,0.004068,128336
head-adapt,z,0.006066,126840
head-adapt,z,0.008063,124244
head-adapt,z,0.010061,121733
head-adapt,z,0.012059,119233
head-adapt,z,0.014057,115560
head-adapt,z,0.016055,111913
head-adapt,z,0.018053,108440
head-adapt,z,0.020051,103707
head-adapt,z,0.022049,99887
head-adapt,z,0.024047,94951
head-adapt,z,0.026045,90274
head-adapt,z,0.028043,85268
head-adapt,z,0.030041,80166
head-adapt,z,0.032039,75190
head-adapt,z,0.034037,70323
head-adapt,z,0.036035,65284
head-adapt,z,0.038033,60196
head-adapt,z,0.040031,55888
head-adapt,z,0.042029,51159
head-adapt,z,0.044027,46579
head-adapt,z,0.046025,42371
head-adapt,z,0.048023,38465
head-adapt,z,0.050021,34842
head-adapt,z,0.052019,31428
head-adapt,z,0.054016,28190
head-adapt,z,0.056014,24877
head-adapt,z,0.058012,22247
head-adapt,z,0.06001,19443
head-adapt,z,0.062008,17399
head-adapt,z,0.064006,15103
head-adapt,z,0.066004,13175
head-adapt,z,0.068002,11508
head-adapt,z,0.07,9874
head-adapt,z,0.071998,8425
head-adapt,z,0.073996,7201
head-adapt,z,0.075994,6138
head-adapt,z,0.077992,5284
