path,bit,flip_frac
distillation,0,0.0846
distillation,1,0.0872
distillation,2,0.0904
distillation,3,0.079
distillation,4,0.0892
distillation,5,0.0862
distillation,6,0.0832
distillation,7,0.0796
distillation,8,0.1226
distillation,9,0.134
distillation,10,0.116
distillation,11,0.1116
distillation,12,0.1184
distillation,13,0.1284
distillation,14,0.124
distillation,15,0.1078
distillation,16,0.1294
distillation,17,0.1302
distillation,18,0.1346
distillation,19,0.128
distillation,20,0.1376
distillation,21,0.1356
distillation,22,0.1388
distillation,23,0.1314
distillation,24,0.1392
distillation,25,0.1294
distillation,26,0.1372
distillation,27,0.1322
distillation,28,0.1452
distillation,29,0.1286
distillation,30,0.1398
distillation,31,0.1368
distillation,32,0.1242
distillation,33,0.1174
distillation,34,0.1194
distillation,35,0.1426
distillation,36,0.1126
distillation,37,0.1284
distillation,38,0.1368
distillation,39,0.1212
distillation,40,0.1298
distillation,41,0.1312
distillation,42,0.1368
distillation,43,0.1282
distillation,44,0.1458
distillation,45,0.1368
distillation,46,0.124
distillation,47,0.1296
distillation,48,0.1256
distillation,49,0.1318
distillation,50,0.1286
distillation,51,0.1302
distillation,52,0.123
distillation,53,0.1302
distillation,54,0.0974
distillation,55,0.1288
distillation,56,0.1296
distillation,57,0.1472
distillation,58,0.126
distillation,59,0.1258
distillation,60,0.1318
distillation,61,0.1424
distillation,62,0.1094
distillation,63,0.1248
distillation,64,0.128
distillation,65,0.1214
distillation,66,0.11
distillation,67,0.1334
distillation,68,0.1188
distillation,69,0.1338
distillation,70,0.1252
distillation,71,0.124
distillation,72,0.1266
distillation,73,0.1288
distillation,74,0.126
distillation,75,0.146
distillation,76,0.1312
distillation,77,0.1352
distillation,78,0.1346
distillation,79,0.126
distillation,80,0.1336
distillation,81,0.128
distillation,82,0.1388
distillation,83,0.1156
distillation,84,0.124
distillation,85,0.1062
distillation,86,0.1502
distillation,87,0.1296
distillation,88,0.123
distillation,89,0.118
distillation,90,0.1216
distillation,91,0.1352
distillation,92,0.1064
distillation,93,0.109
distillation,94,0.1258
distillation,95,0.1374
distillation,96,0.132
distillation,97,0.1122
distillation,98,0.1286
distillation,99,0.1252
distillation,100,0.14
distillation,101,0.1338
distillation,102,0.1332
distillation,103,0.1042
distillation,104,0.1282
distillation,105,0.1458
distillation,106,0.1134
distillation,107,0.1488
distillation,108,0.1332
distillation,109,0.1222
distillation,110,0.1268
distillation,111,0.1484
distillation,112,0.1426
distillation,113,0.1382
distillation,114,0.1106
distillation,115,0.1252
distillation,116,0.1186
distillation,117,0.148
distillation,118,0.1192
distillation,119,0.1364
distillation,120,0.1174
distillation,121,0.1204
distillation,122,0.1348
distillation,123,0.1414
distillation,124,0.1368
distillation,125,0.1186
distillation,126,0.1444
distillation,127,0.1252
distillation,128,0.1292
distillation,129,0.141
distillation,130,0.119
distillation,131,0.119
distillation,132,0.1154
distillation,133,0.1356
distillation,134,0.1348
distillation,135,0.118
distillation,136,0.1374
distillation,137,0.1314
distillation,138,0.133
distillation,139,0.1332
distillation,140,0.1272
distillation,141,0.1032
distillation,142,0.1202
distillation,143,0.1362
distillation,144,0.1322
distillation,145,0.1352
distillation,146,0.1006
distillation,147,0.137
distillation,148,0.1228
distillation,149,0.1242
distillation,150,0.1122
distillation,151,0.1264
distillation,152,0.1192
distillation,153,0.1548
distillation,154,0.1208
distillation,155,0.1236
distillation,156,0.1268
distillation,157,0.1374
distillation,158,0.1266
distillation,159,0.1244
distillation,160,0.1242
distillation,161,0.1196
distillation,162,0.1436
distillation,163,0.1176
distillation,164,0.1508
distillation,165,0.1314
distillation,166,0.1278
distillation,167,0.1042
distillation,168,0.123
distillation,169,0.136
distillation,170,0.1292
distillation,171,0.1144
distillation,172,0.1314
distillation,173,0.1126
distillation,174,0.137
distillation,175,0.1432
distillation,176,0.1174
distillation,177,0.1454
distillation,178,0.1224
distillation,179,0.1398
distillation,180,0.1198
distillation,181,0.1124
distillation,182,0.1298
distillation,183,0.1156
distillation,184,0.1268
distillation,185,0.1374
distillation,186,0.113
distillation,187,0.1374
distillation,188,0.107
distillation,189,0.1262
distillation,190,0.1312
distillation,191,0.1176
distillation,192,0.1216
distillation,193,0.1286
distillation,194,0.1524
distillation,195,0.1152
distillation,196,0.1292
distillation,197,0.1334
distillation,198,0.1258
distillation,199,0.14
distillation,200,0.1498
distillation,201,0.1272
distillation,202,0.1356
distillation,203,0.1392
distillation,204,0.1222
distillation,205,0.1196
distillation,206,0.1346
distillation,207,0.092
distillation,208,0.1222
distillation,209,0.1144
distillation,210,0.1352
distillation,211,0.1332
distillation,212,0.1532
distillation,213,0.094
distillation,214,0.128
distillation,215,0.129
distillation,216,0.1318
distillation,217,0.12
distillation,218,0.1146
distillation,219,0.1276
distillation,220,0.1074
distillation,221,0.1242
distillation,222,0.119
distillation,223,0.1336
distillation,224,0.1426
distillation,225,0.1356
distillation,226,0.1052
distillation,227,0.1134
distillation,228,0.1272
distillation,229,0.127
distillation,230,0.1438
distillation,231,0.1188
distillation,232,0.1346
distillation,233,0.1198
distillation,234,0.1532
distillation,235,0.12
distillation,236,0.14
distillation,237,0.1412
distillation,238,0.1478
distillation,239,0.1446
distillation,240,0.1148
distillation,241,0.1424
distillation,242,0.1064
distillation,243,0.1104
distillation,244,0.1168
distillation,245,0.126
distillation,246,0.141
distillation,247,0.1136
distillation,248,0.1356
distillation,249,0.13
distillation,250,0.132
distillation,251,0.1204
distillation,252,0.1172
distillation,253,0.1326
distillation,254,0.1428
distillation,255,0.127
distillation,256,0.1332
distillation,257,0.1324
distillation,258,0.1338
distillation,259,0.1234
distillation,260,0.1326
distillation,261,0.1226
distillation,262,0.0994
distillation,263,0.1348
distillation,264,0.1332
distillation,265,0.1344
distillation,266,0.1088
distillation,267,0.1422
distillation,268,0.1288
distillation,269,0.1424
distillation,270,0.122
distillation,271,0.14
distillation,272,0.1226
distillation,273,0.1248
distillation,274,0.1256
distillation,275,0.1414
distillation,276,0.118
distillation,277,0.128
distillation,278,0.1272
distillation,279,0.1354
distillation,280,0.1018
distillation,281,0.1342
distillation,282,0.133
distillation,283,0.127
distillation,284,0.131
distillation,285,0.1126
distillation,286,0.1326
distillation,287,0.1064
distillation,288,0.1306
distillation,289,0.1322
distillation,290,0.1478
distillation,291,0.1112
distillation,292,0.139
distillation,293,0.1342
distillation,294,0.1502
distillation,295,0.1096
distillation,296,0.144
distillation,297,0.1316
distillation,298,0.1394
distillation,299,0.1374
distillation,300,0.1394
distillation,301,0.1366
distillation,302,0.1184
distillation,303,0.0944
distillation,304,0.1284
distillation,305,0.1162
distillation,306,0.1278
distillation,307,0.1514
distillation,308,0.1274
distillation,309,0.1228
distillation,310,0.143
distillation,311,0.1332
distillation,312,0.1388
distillation,313,0.1372
distillation,314,0.1332
distillation,315,0.1358
distillation,316,0.1154
distillation,317,0.1336
distillation,318,0.1264
distillation,319,0.1174
distillation,320,0.1164
distillation,321,0.1394
distillation,322,0.1298
distillation,323,0.1412
distillation,324,0.1414
distillation,325,0.1286
distillation,326,0.113
distillation,327,0.1596
distillation,328,0.1174
distillation,329,0.1264
distillation,330,0.1296
distillation,331,0.13
distillation,332,0.1398
distillation,333,0.1168
distillation,334,0.148
distillation,335,0.147
distillation,336,0.1124
distillation,337,0.1286
distillation,338,0.1124
distillation,339,0.1292
distillation,340,0.1154
distillation,341,0.131
distillation,342,0.1454
distillation,343,0.1352
distillation,344,0.1192
distillation,345,0.1232
distillation,346,0.135
distillation,347,0.1586
distillation,348,0.1296
distillation,349,0.1328
distillation,350,0.1136
distillation,351,0.1396
distillation,352,0.127
distillation,353,0.1114
distillation,354,0.1384
distillation,355,0.1412
distillation,356,0.121
distillation,357,0.1226
distillation,358,0.1386
distillation,359,0.1328
distillation,360,0.1394
distillation,361,0.1178
distillation,362,0.114
distillation,363,0.1052
distillation,364,0.1442
distillation,365,0.121
distillation,366,0.1182
distillation,367,0.1258
distillation,368,0.13
distillation,369,0.141
distillation,370,0.1282
distillation,371,0.1208
distillation,372,0.1364
distillation,373,0.1358
distillation,374,0.121
distillation,375,0.1452
distillation,376,0.1098
distillation,377,0.1124
distillation,378,0.1372
distillation,379,0.124
distillation,380,0.1356
distillation,381,0.153
distillation,382,0.0994
distillation,383,0.125
distillation,384,0.1288
distillation,385,0.1216
distillation,386,0.13
distillation,387,0.1142
distillation,388,0.1332
distillation,389,0.1266
distillation,390,0.1184
distillation,391,0.1452
distillation,392,0.1572
distillation,393,0.1464
distillation,394,0.1082
distillation,395,0.111
distillation,396,0.1234
distillation,397,0.1138
distillation,398,0.1188
distillation,399,0.1398
distillation,400,0.1202
distillation,401,0.127
distillation,402,0.1158
distillation,403,0.1208
distillation,404,0.1436
distillation,405,0.1264
distillation,406,0.125
distillation,407,0.117
distillation,408,0.1288
distillation,409,0.1308
distillation,410,0.1396
distillation,411,0.1546
distillation,412,0.138
distillation,413,0.105
distillation,414,0.1566
distillation,415,0.1436
distillation,416,0.1184
distillation,417,0.1166
distillation,418,0.1438
distillation,419,0.1142
distillation,420,0.1384
distillation,421,0.1472
distillation,422,0.1028
distillation,423,0.152
distillation,424,0.1324
distillation,425,0.1176
distillation,426,0.1302
distillation,427,0.1448
distillation,428,0.1292
distillation,429,0.1372
distillation,430,0.1116
distillation,431,0.1252
distillation,432,0.1384
distillation,433,0.0964
distillation,434,0.106
distillation,435,0.124
distillation,436,0.1264
distillation,437,0.1346
distillation,438,0.1068
distillation,439,0.1188
distillation,440,0.1384
distillation,441,0.1374
distillation,442,0.1118
distillation,443,0.1242
distillation,444,0.1114
distillation,445,0.1324
distillation,446,0.1622
distillation,447,0.1314
distillation,448,0.1432
distillation,449,0.1254
distillation,450,0.143
distillation,451,0.0992
distillation,452,0.1032
distillation,453,0.1236
distillation,454,0.1348
distillation,455,0.0992
distillation,456,0.1368
distillation,457,0.1488
distillation,458,0.1168
distillation,459,0.1452
distillation,460,0.1412
distillation,461,0.1256
distillation,462,0.1366
distillation,463,0.1196
distillation,464,0.1136
distillation,465,0.1448
distillation,466,0.1448
distillation,467,0.1108
distillation,468,0.1414
distillation,469,0.1238
distillation,470,0.1294
distillation,471,0.1214
distillation,472,0.1132
distillation,473,0.135
distillation,474,0.1456
distillation,475,0.1564
distillation,476,0.1104
distillation,477,0.1364
distillation,478,0.1168
distillation,479,0.1466
distillation,480,0.1322
distillation,481,0.1302
distillation,482,0.1262
distillation,483,0.1398
distillation,484,0.1344
distillation,485,0.1308
distillation,486,0.1664
distillation,487,0.1338
distillation,488,0.1288
distillation,489,0.1306
distillation,490,0.1116
distillation,491,0.123
distillation,492,0.1364
distillation,493,0.139
distillation,494,0.1392
distillation,495,0.1112
distillation,496,0.1276
distillation,497,0.1396
distillation,498,0.1396
distillation,499,0.123
distillation,500,0.1304
distillation,501,0.136
distillation,502,0.1434
distillation,503,0.1474
distillation,504,0.1422
distillation,505,0.1224
distillation,506,0.109
distillation,507,0.1046
distillation,508,0.142
distillation,509,0.1198
distillation,510,0.142
distillation,511,0.1378
distillation,512,0.1338
distillation,513,0.1214
distillation,514,0.1384
distillation,515,0.1388
distillation,516,0.1104
distillation,517,0.1388
distillation,518,0.1578
distillation,519,0.134
distillation,520,0.1282
distillation,521,0.148
distillation,522,0.1302
distillation,523,0.1444
distillation,524,0.166
distillation,525,0.1316
distillation,526,0.1428
distillation,527,0.1106
distillation,528,0.144
distillation,529,0.1264
distillation,530,0.141
distillation,531,0.1234
distillation,532,0.1246
distillation,533,0.1086
distillation,534,0.1324
distillation,535,0.1338
distillation,536,0.1534
distillation,537,0.1238
distillation,538,0.1316
distillation,539,0.1256
distillation,540,0.1372
distillation,541,0.125
distillation,542,0.1098
distillation,543,0.1262
distillation,544,0.138
distillation,545,0.1418
distillation,546,0.1452
distillation,547,0.135
distillation,548,0.156
distillation,549,0.1366
distillation,550,0.1332
distillation,551,0.1322
distillation,552,0.1162
distillation,553,0.1352
distillation,554,0.1028
distillation,555,0.1302
distillation,556,0.1358
distillation,557,0.1118
distillation,558,0.1338
distillation,559,0.1398
distillation,560,0.1282
distillation,561,0.1534
distillation,562,0.1428
distillation,563,0.1274
distillation,564,0.1424
distillation,565,0.1256
distillation,566,0.144
distillation,567,0.1494
distillation,568,0.126
distillation,569,0.1392
distillation,570,0.1292
distillation,571,0.139
distillation,572,0.1316
distillation,573,0.1408
distillation,574,0.1556
distillation,575,0.1182
distillation,576,0.134
distillation,577,0.1262
distillation,578,0.1046
distillation,579,0.1268
distillation,580,0.14
distillation,581,0.1294
distillation,582,0.1438
distillation,583,0.1466
distillation,584,0.1324
distillation,585,0.1328
distillation,586,0.1226
distillation,587,0.1366
distillation,588,0.1348
distillation,589,0.14
distillation,590,0.135
distillation,591,0.1398
distillation,592,0.1256
distillation,593,0.137
distillation,594,0.1378
distillation,595,0.1402
distillation,596,0.1346
distillation,597,0.132
distillation,598,0.1378
distillation,599,0.1338
distillation,600,0.1416
distillation,601,0.1332
distillation,602,0.129
distillation,603,0.1476
distillation,604,0.159
distillation,605,0.1354
distillation,606,0.1396
distillation,607,0.1298
distillation,608,0.1126
distillation,609,0.1288
distillation,610,0.1442
distillation,611,0.1246
distillation,612,0.1306
distillation,613,0.1472
distillation,614,0.1288
distillation,615,0.1274
distillation,616,0.1162
distillation,617,0.115
distillation,618,0.1398
distillation,619,0.118
distillation,620,0.137
distillation,621,0.137
distillation,622,0.1256
distillation,623,0.1324
distillation,624,0.1106
distillation,625,0.1148
distillation,626,0.122
distillation,627,0.1454
distillation,628,0.1274
distillation,629,0.1348
distillation,630,0.1228
distillation,631,0.132
distillation,632,0.1422
distillation,633,0.116
distillation,634,0.1354
distillation,635,0.144
distillation,636,0.1376
distillation,637,0.1306
distillation,638,0.1282
distillation,639,0.1296
distillation,640,0.1384
distillation,641,0.1294
distillation,642,0.1596
distillation,643,0.1376
distillation,644,0.1166
distillation,645,0.1494
distillation,646,0.1424
distillation,647,0.1382
distillation,648,0.1572
distillation,649,0.1174
distillation,650,0.1312
distillation,651,0.1312
distillation,652,0.126
distillation,653,0.1422
distillation,654,0.1266
distillation,655,0.1608
distillation,656,0.1482
distillation,657,0.1344
distillation,658,0.1324
distillation,659,0.1266
distillation,660,0.1378
distillation,661,0.134
distillation,662,0.1376
distillation,663,0.139
distillation,664,0.0996
distillation,665,0.122
distillation,666,0.1462
distillation,667,0.1342
distillation,668,0.1422
distillation,669,0.1444
distillation,670,0.1418
distillation,671,0.1578
distillation,672,0.14
distillation,673,0.1442
distillation,674,0.124
distillation,675,0.129
distillation,676,0.1378
distillation,677,0.133
distillation,678,0.1182
distillation,679,0.13
distillation,680,0.1188
distillation,681,0.1174
distillation,682,0.1284
distillation,683,0.1124
distillation,684,0.1472
distillation,685,0.1342
distillation,686,0.1398
distillation,687,0.1378
distillation,688,0.1512
distillation,689,0.1318
distillation,690,0.122
distillation,691,0.1444
distillation,692,0.1428
distillation,693,0.1322
distillation,694,0.138
distillation,695,0.1402
distillation,696,0.1498
distillation,697,0.1262
distillation,698,0.1386
distillation,699,0.1468
distillation,700,0.1394
distillation,701,0.1402
distillation,702,0.138
distillation,703,0.1232
distillation,704,0.1352
distillation,705,0.1232
distillation,706,0.1406
distillation,707,0.1308
distillation,708,0.1334
distillation,709,0.1252
distillation,710,0.1392
distillation,711,0.155
distillation,712,0.1388
distillation,713,0.125
distillation,714,0.1292
distillation,715,0.1224
distillation,716,0.1288
distillation,717,0.1486
distillation,718,0.1272
distillation,719,0.148
distillation,720,0.138
distillation,721,0.1364
distillation,722,0.12
distillation,723,0.138
distillation,724,0.1444
distillation,725,0.141
distillation,726,0.1442
distillation,727,0.1184
distillation,728,0.1564
distillation,729,0.1338
distillation,730,0.1284
distillation,731,0.1496
distillation,732,0.1144
distillation,733,0.1614
distillation,734,0.1398
distillation,735,0.1128
distillation,736,0.1242
distillation,737,0.1458
distillation,738,0.1308
distillation,739,0.1396
distillation,740,0.1448
distillation,741,0.1488
distillation,742,0.1228
distillation,743,0.1554
distillation,744,0.1306
distillation,745,0.1344
distillation,746,0.1318
distillation,747,0.1368
distillation,748,0.1286
distillation,749,0.1382
distillation,750,0.1198
distillation,751,0.1322
distillation,752,0.1406
distillation,753,0.141
distillation,754,0.1464
distillation,755,0.1206
distillation,756,0.1308
distillation,757,0.1426
distillation,758,0.1354
distillation,759,0.133
distillation,760,0.1326
distillation,761,0.1316
distillation,762,0.138
distillation,763,0.141
distillation,764,0.1348
distillation,765,0.1328
distillation,766,0.1578
distillation,767,0.1402
distillation,768,0.1254
distillation,769,0.1528
distillation,770,0.1454
distillation,771,0.1322
distillation,772,0.1176
distillation,773,0.1488
distillation,774,0.1326
distillation,775,0.1324
distillation,776,0.1208
distillation,777,0.1414
distillation,778,0.1418
distillation,779,0.1368
distillation,780,0.1394
distillation,781,0.1264
distillation,782,0.1136
distillation,783,0.131
distillation,784,0.1424
distillation,785,0.1068
distillation,786,0.1544
distillation,787,0.1316
distillation,788,0.1258
distillation,789,0.1396
distillation,790,0.151
distillation,791,0.1168
distillation,792,0.1348
distillation,793,0.1606
distillation,794,0.1516
distillation,795,0.119
distillation,796,0.1268
distillation,797,0.1316
distillation,798,0.1418
distillation,799,0.1524
distillation,800,0.1248
distillation,801,0.138
distillation,802,0.1434
distillation,803,0.1154
distillation,804,0.133
distillation,805,0.135
distillation,806,0.159
distillation,807,0.1264
distillation,808,0.1234
distillation,809,0.1142
distillation,810,0.1358
distillation,811,0.144
distillation,812,0.1312
distillation,813,0.1476
distillation,814,0.1426
distillation,815,0.1228
distillation,816,0.1214
distillation,817,0.1464
distillation,818,0.1472
distillation,819,0.1432
distillation,820,0.1122
distillation,821,0.134
distillation,822,0.1154
distillation,823,0.1476
distillation,824,0.1092
distillation,825,0.1214
distillation,826,0.1348
distillation,827,0.155
distillation,828,0.1322
distillation,829,0.1218
distillation,830,0.1194
distillation,831,0.126
distillation,832,0.1246
distillation,833,0.1266
distillation,834,0.1222
distillation,835,0.1142
distillation,836,0.1302
distillation,837,0.1272
distillation,838,0.1316
distillation,839,0.1306
distillation,840,0.1408
distillation,841,0.1182
distillation,842,0.13
distillation,843,0.1438
distillation,844,0.1502
distillation,845,0.146
distillation,846,0.1306
distillation,847,0.1304
distillation,848,0.1414
distillation,849,0.146
distillation,850,0.1238
distillation,851,0.1338
distillation,852,0.1468
distillation,853,0.1402
distillation,854,0.1332
distillation,855,0.1478
distillation,856,0.1224
distillation,857,0.1388
distillation,858,0.132
distillation,859,0.1282
distillation,860,0.1264
distillation,861,0.1206
distillation,862,0.1214
distillation,863,0.1334
distillation,864,0.1392
distillation,865,0.1374
distillation,866,0.1496
distillation,867,0.1302
distillation,868,0.139
distillation,869,0.1306
distillation,870,0.1218
distillation,871,0.1386
distillation,872,0.1396
distillation,873,0.1486
distillation,874,0.1382
distillation,875,0.1168
distillation,876,0.1332
distillation,877,0.122
distillation,878,0.1246
distillation,879,0.1232
distillation,880,0.1254
distillation,881,0.1508
distillation,882,0.1144
distillation,883,0.1358
distillation,884,0.1328
distillation,885,0.1368
distillation,886,0.1476
distillation,887,0.1212
distillation,888,0.128
distillation,889,0.1504
distillation,890,0.1304
distillation,891,0.1318
distillation,892,0.1218
distillation,893,0.1136
distillation,894,0.1268
distillation,895,0.1356
distillation,896,0.1388
distillation,897,0.1472
distillation,898,0.1204
distillation,899,0.1412
distillation,900,0.1314
distillation,901,0.119
distillation,902,0.1392
distillation,903,0.1276
distillation,904,0.1372
distillation,905,0.139
distillation,906,0.1368
distillation,907,0.1186
distillation,908,0.1326
distillation,909,0.1342
distillation,910,0.1258
distillation,911,0.1322
distillation,912,0.1552
distillation,913,0.124
distillation,914,0.097
distillation,915,0.1416
distillation,916,0.1342
distillation,917,0.128
distillation,918,0.1214
distillation,919,0.1438
distillation,920,0.1014
distillation,921,0.1468
distillation,922,0.1328
distillation,923,0.1268
distillation,924,0.1406
distillation,925,0.1488
distillation,926,0.1286
distillation,927,0.1286
distillation,928,0.1252
distillation,929,0.1424
distillation,930,0.144
distillation,931,0.1398
distillation,932,0.16
distillation,933,0.1304
distillation,934,0.144
distillation,935,0.1274
distillation,936,0.1314
distillation,937,0.1138
distillation,938,0.1268
distillation,939,0.1354
distillation,940,0.1568
distillation,941,0.137
distillation,942,0.1458
distillation,943,0.1238
distillation,944,0.1586
distillation,945,0.1388
distillation,946,0.1238
distillation,947,0.135
distillation,948,0.1374
distillation,949,0.1088
distillation,950,0.1164
distillation,951,0.1154
distillation,952,0.1402
distillation,953,0.131
distillation,954,0.1252
distillation,955,0.1412
distillation,956,0.1332
distillation,957,0.1394
distillation,958,0.1112
distillation,959,0.142
distillation,960,0.14
distillation,961,0.139
distillation,962,0.1344
distillation,963,0.1382
distillation,964,0.143
distillation,965,0.1624
distillation,966,0.1392
distillation,967,0.1374
distillation,968,0.1412
distillation,969,0.1334
distillation,970,0.149
distillation,971,0.1382
distillation,972,0.1446
distillation,973,0.139
distillation,974,0.1372
distillation,975,0.1212
distillation,976,0.148
distillation,977,0.1594
distillation,978,0.1326
distillation,979,0.1202
distillation,980,0.1542
distillation,981,0.1412
distillation,982,0.1174
distillation,983,0.123
distillation,984,0.1404
distillation,985,0.1692
distillation,986,0.1184
distillation,987,0.1428
distillation,988,0.1224
distillation,989,0.1324
distillation,990,0.1374
distillation,991,0.1218
distillation,992,0.118
distillation,993,0.125
distillation,994,0.15
distillation,995,0.1272
distillation,996,0.1308
distillation,997,0.1278
distillation,998,0.1238
distillation,999,0.1294
distillation,1000,0.143
distillation,1001,0.136
distillation,1002,0.141
distillation,1003,0.1246
distillation,1004,0.1224
distillation,1005,0.1336
distillation,1006,0.1224
distillation,1007,0.1316
distillation,1008,0.1394
distillation,1009,0.1436
distillation,1010,0.1372
distillation,1011,0.1502
distillation,1012,0.1428
distillation,1013,0.144
distillation,1014,0.1298
distillation,1015,0.1182
distillation,1016,0.1362
distillation,1017,0.1422
distillation,1018,0.1578
distillation,1019,0.1338
distillation,1020,0.1426
distillation,1021,0.1252
distillation,1022,0.1294
distillation,1023,0.14
head-adapt,0,0.1042
head-adapt,1,0.1124
head-adapt,2,0.1162
head-adapt,3,0.11
head-adapt,4,0.1138
head-adapt,5,0.1066
head-adapt,6,0.1012
head-adapt,7,0.1092
head-adapt,8,0.1654
head-adapt,9,0.172
head-adapt,10,0.1572
head-adapt,11,0.1514
head-adapt,12,0.149
head-adapt,13,0.1562
head-adapt,14,0.1476
head-adapt,15,0.1446
head-adapt,16,0.1674
head-adapt,17,0.1658
head-adapt,18,0.1804
head-adapt,19,0.1752
head-adapt,20,0.1832
head-adapt,21,0.1886
head-adapt,22,0.1896
head-adapt,23,0.176
head-adapt,24,0.1866
head-adapt,25,0.1762
head-adapt,26,0.1968
head-adapt,27,0.178
head-adapt,28,0.197
head-adapt,29,0.1788
head-adapt,30,0.192
head-adapt,31,0.1892
head-adapt,32,0.1906
head-adapt,33,0.1654
head-adapt,34,0.185
head-adapt,35,0.19
head-adapt,36,0.1474
head-adapt,37,0.18
head-adapt,38,0.187
head-adapt,39,0.1816
head-adapt,40,0.1702
head-adapt,41,0.1722
head-adapt,42,0.1968
head-adapt,43,0.1714
head-adapt,44,0.2034
head-adapt,45,0.1904
head-adapt,46,0.176
head-adapt,47,0.1756
head-adapt,48,0.1784
head-adapt,49,0.193
head-adapt,50,0.173
head-adapt,51,0.1684
head-adapt,52,0.1742
head-adapt,53,0.191
head-adapt,54,0.1356
head-adapt,55,0.1802
head-adapt,56,0.175
head-adapt,57,0.2134
head-adapt,58,0.1686
head-adapt,59,0.181
head-adapt,60,0.178
head-adapt,61,0.1986
head-adapt,62,0.1464
head-adapt,63,0.165
head-adapt,64,0.1728
head-adapt,65,0.188
head-adapt,66,0.1534
head-adapt,67,0.1932
head-adapt,68,0.1786
head-adapt,69,0.1828
head-adapt,70,0.168
head-adapt,71,0.1764
head-adapt,72,0.1794
head-adapt,73,0.185
head-adapt,74,0.1872
head-adapt,75,0.186
head-adapt,76,0.2014
head-adapt,77,0.1778
head-adapt,78,0.162
head-adapt,79,0.1864
head-adapt,80,0.1824
head-adapt,81,0.1738
head-adapt,82,0.1914
head-adapt,83,0.1592
head-adapt,84,0.1624
head-adapt,85,0.1606
head-adapt,86,0.195
head-adapt,87,0.1786
head-adapt,88,0.1698
head-adapt,89,0.1866
head-adapt,90,0.1626
head-adapt,91,0.185
head-adapt,92,0.1648
head-adapt,93,0.1502
head-adapt,94,0.1692
head-adapt,95,0.1686
head-adapt,96,0.1886
head-adapt,97,0.1446
head-adapt,98,0.174
head-adapt,99,0.1734
head-adapt,100,0.1912
head-adapt,101,0.1806
head-adapt,102,0.2038
head-adapt,103,0.1474
head-adapt,104,0.1748
head-adapt,105,0.195
head-adapt,106,0.1446
head-adapt,107,0.2064
head-adapt,108,0.1792
head-adapt,109,0.1638
head-adapt,110,0.1742
head-adapt,111,0.1906
head-adapt,112,0.1824
head-adapt,113,0.1864
head-adapt,114,0.1722
head-adapt,115,0.1798
head-adapt,116,0.1668
head-adapt,117,0.1978
head-adapt,118,0.1586
head-adapt,119,0.1912
head-adapt,120,0.1594
head-adapt,121,0.1816
head-adapt,122,0.1768
head-adapt,123,0.178
head-adapt,124,0.184
head-adapt,125,0.1546
head-adapt,126,0.1878
head-adapt,127,0.1584
head-adapt,128,0.1768
head-adapt,129,0.1918
head-adapt,130,0.1704
head-adapt,131,0.168
head-adapt,132,0.1538
head-adapt,133,0.166
head-adapt,134,0.1858
head-adapt,135,0.1694
head-adapt,136,0.1858
head-adapt,137,0.1924
head-adapt,138,0.2104
head-adapt,139,0.1772
head-adapt,140,0.1604
head-adapt,141,0.1356
head-adapt,142,0.1508
head-adapt,143,0.183
head-adapt,144,0.1792
head-adapt,145,0.1916
head-adapt,146,0.1486
head-adapt,147,0.187
head-adapt,148,0.162
head-adapt,149,0.1688
head-adapt,150,0.1644
head-adapt,151,0.1772
head-adapt,152,0.157
head-adapt,153,0.2074
head-adapt,154,0.161
head-adapt,155,0.1726
head-adapt,156,0.1714
head-adapt,157,0.1784
head-adapt,158,0.1658
head-adapt,159,0.1682
head-adapt,160,0.1666
head-adapt,161,0.154
head-adapt,162,0.2034
head-adapt,163,0.1706
head-adapt,164,0.1994
head-adapt,165,0.183
head-adapt,166,0.1786
head-adapt,167,0.1578
head-adapt,168,0.1498
head-adapt,169,0.1962
head-adapt,170,0.188
head-adapt,171,0.1564
head-adapt,172,0.1656
head-adapt,173,0.1516
head-adapt,174,0.1808
head-adapt,175,0.1948
head-adapt,176,0.1726
head-adapt,177,0.185
head-adapt,178,0.1706
head-adapt,179,0.1868
head-adapt,180,0.1682
head-adapt,181,0.1518
head-adapt,182,0.173
head-adapt,183,0.1646
head-adapt,184,0.1792
head-adapt,185,0.1948
head-adapt,186,0.1626
head-adapt,187,0.1994
head-adapt,188,0.162
head-adapt,189,0.1666
head-adapt,190,0.1826
head-adapt,191,0.1694
head-adapt,192,0.1818
head-adapt,193,0.172
head-adapt,194,0.1936
head-adapt,195,0.181
head-adapt,196,0.174
head-adapt,197,0.189
head-adapt,198,0.1658
head-adapt,199,0.1914
head-adapt,200,0.2154
head-adapt,201,0.1884
head-adapt,202,0.1904
head-adapt,203,0.185
head-adapt,204,0.1788
head-adapt,205,0.1626
head-adapt,206,0.1884
head-adapt,207,0.1358
head-adapt,208,0.1534
head-adapt,209,0.1564
head-adapt,210,0.1738
head-adapt,211,0.1826
head-adapt,212,0.1992
head-adapt,213,0.137
head-adapt,214,0.1864
head-adapt,215,0.165
head-adapt,216,0.1812
head-adapt,217,0.1754
head-adapt,218,0.162
head-adapt,219,0.1742
head-adapt,220,0.1548
head-adapt,221,0.1736
head-adapt,222,0.169
head-adapt,223,0.1866
head-adapt,224,0.1954
head-adapt,225,0.196
head-adapt,226,0.1484
head-adapt,227,0.1682
head-adapt,228,0.1712
head-adapt,229,0.1696
head-adapt,230,0.1878
head-adapt,231,0.1698
head-adapt,232,0.1946
head-adapt,233,0.1806
head-adapt,234,0.1912
head-adapt,235,0.1728
head-adapt,236,0.1932
head-adapt,237,0.1766
head-adapt,238,0.2026
head-adapt,239,0.1948
head-adapt,240,0.1572
head-adapt,241,0.1814
head-adapt,242,0.1484
head-adapt,243,0.148
head-adapt,244,0.1638
head-adapt,245,0.1762
head-adapt,246,0.1874
head-adapt,247,0.1628
head-adapt,248,0.1792
head-adapt,249,0.1832
head-adapt,250,0.1828
head-adapt,251,0.1828
head-adapt,252,0.1666
head-adapt,253,0.1824
head-adapt,254,0.191
head-adapt,255,0.1828
head-adapt,256,0.1818
head-adapt,257,0.1774
head-adapt,258,0.1744
head-adapt,259,0.1722
head-adapt,260,0.185
head-adapt,261,0.1728
head-adapt,262,0.1356
head-adapt,263,0.1742
head-adapt,264,0.1866
head-adapt,265,0.1868
head-adapt,266,0.1742
head-adapt,267,0.1938
head-adapt,268,0.1778
head-adapt,269,0.1944
head-adapt,270,0.1692
head-adapt,271,0.1838
head-adapt,272,0.153
head-adapt,273,0.17
head-adapt,274,0.1692
head-adapt,275,0.1828
head-adapt,276,0.1562
head-adapt,277,0.1614
head-adapt,278,0.177
head-adapt,279,0.1764
head-adapt,280,0.153
head-adapt,281,0.2126
head-adapt,282,0.1842
head-adapt,283,0.1618
head-adapt,284,0.1768
head-adapt,285,0.1556
head-adapt,286,0.196
head-adapt,287,0.1642
head-adapt,288,0.1756
head-adapt,289,0.1716
head-adapt,290,0.1934
head-adapt,291,0.1512
head-adapt,292,0.1996
head-adapt,293,0.178
head-adapt,294,0.2014
head-adapt,295,0.1464
head-adapt,296,0.207
head-adapt,297,0.1736
head-adapt,298,0.1808
head-adapt,299,0.182
head-adapt,300,0.1936
head-adapt,301,0.188
head-adapt,302,0.1828
head-adapt,303,0.1436
head-adapt,304,0.1684
head-adapt,305,0.16
head-adapt,306,0.1742
head-adapt,307,0.19
head-adapt,308,0.1724
head-adapt,309,0.1698
head-adapt,310,0.1876
head-adapt,311,0.1724
head-adapt,312,0.189
head-adapt,313,0.1916
head-adapt,314,0.1786
head-adapt,315,0.1746
head-adapt,316,0.1438
head-adapt,317,0.2064
head-adapt,318,0.1796
head-adapt,319,0.175
head-adapt,320,0.164
head-adapt,321,0.1826
head-adapt,322,0.1848
head-adapt,323,0.1778
head-adapt,324,0.173
head-adapt,325,0.1678
head-adapt,326,0.1534
head-adapt,327,0.2166
head-adapt,328,0.1472
head-adapt,329,0.1766
head-adapt,330,0.1884
head-adapt,331,0.1924
head-adapt,332,0.1972
head-adapt,333,0.147
head-adapt,334,0.2138
head-adapt,335,0.1858
head-adapt,336,0.1542
head-adapt,337,0.1766
head-adapt,338,0.1642
head-adapt,339,0.174
head-adapt,340,0.1574
head-adapt,341,0.1814
head-adapt,342,0.1844
head-adapt,343,0.1716
head-adapt,344,0.1548
head-adapt,345,0.169
head-adapt,346,0.184
head-adapt,347,0.2106
head-adapt,348,0.1906
head-adapt,349,0.1802
head-adapt,350,0.1416
head-adapt,351,0.1944
head-adapt,352,0.1808
head-adapt,353,0.1512
head-adapt,354,0.1812
head-adapt,355,0.1914
head-adapt,356,0.172
head-adapt,357,0.1568
head-adapt,358,0.182
head-adapt,359,0.1778
head-adapt,360,0.192
head-adapt,361,0.1504
head-adapt,362,0.179
head-adapt,363,0.1486
head-adapt,364,0.1828
head-adapt,365,0.1754
head-adapt,366,0.1774
head-adapt,367,0.193
head-adapt,368,0.1718
head-adapt,369,0.1914
head-adapt,370,0.1802
head-adapt,371,0.1652
head-adapt,372,0.1896
head-adapt,373,0.1914
head-adapt,374,0.1614
head-adapt,375,0.1892
head-adapt,376,0.1554
head-adapt,377,0.1698
head-adapt,378,0.1882
head-adapt,379,0.1802
head-adapt,380,0.1912
head-adapt,381,0.2116
head-adapt,382,0.141
head-adapt,383,0.1686
head-adapt,384,0.1916
head-adapt,385,0.1768
head-adapt,386,0.187
head-adapt,387,0.1492
head-adapt,388,0.1724
head-adapt,389,0.1824
head-adapt,390,0.1684
head-adapt,391,0.184
head-adapt,392,0.191
head-adapt,393,0.1824
head-adapt,394,0.1402
head-adapt,395,0.1496
head-adapt,396,0.1706
head-adapt,397,0.156
head-adapt,398,0.1806
head-adapt,399,0.1776
head-adapt,400,0.1578
head-adapt,401,0.1846
head-adapt,402,0.1542
head-adapt,403,0.167
head-adapt,404,0.1812
head-adapt,405,0.1634
head-adapt,406,0.1688
head-adapt,407,0.1672
head-adapt,408,0.1674
head-adapt,409,0.1738
head-adapt,410,0.1762
head-adapt,411,0.203
head-adapt,412,0.187
head-adapt,413,0.1478
head-adapt,414,0.2112
head-adapt,415,0.1994
head-adapt,416,0.1648
head-adapt,417,0.1804
head-adapt,418,0.2034
head-adapt,419,0.1704
head-adapt,420,0.1806
head-adapt,421,0.1878
head-adapt,422,0.1434
head-adapt,423,0.2102
head-adapt,424,0.1722
head-adapt,425,0.1834
head-adapt,426,0.1854
head-adapt,427,0.183
head-adapt,428,0.1764
head-adapt,429,0.1672
head-adapt,430,0.1534
head-adapt,431,0.1724
head-adapt,432,0.1824
head-adapt,433,0.1386
head-adapt,434,0.142
head-adapt,435,0.1592
head-adapt,436,0.1638
head-adapt,437,0.1788
head-adapt,438,0.1578
head-adapt,439,0.168
head-adapt,440,0.1742
head-adapt,441,0.1894
head-adapt,442,0.1594
head-adapt,443,0.1786
head-adapt,444,0.1504
head-adapt,445,0.1826
head-adapt,446,0.2258
head-adapt,447,0.177
head-adapt,448,0.1964
head-adapt,449,0.1708
head-adapt,450,0.19
head-adapt,451,0.1412
head-adapt,452,0.1568
head-adapt,453,0.17
head-adapt,454,0.182
head-adapt,455,0.1476
head-adapt,456,0.1752
head-adapt,457,0.2092
head-adapt,458,0.1584
head-adapt,459,0.1804
head-adapt,460,0.189
head-adapt,461,0.1736
head-adapt,462,0.1688
head-adapt,463,0.1698
head-adapt,464,0.1626
head-adapt,465,0.1966
head-adapt,466,0.1896
head-adapt,467,0.159
head-adapt,468,0.2256
head-adapt,469,0.176
head-adapt,470,0.1766
head-adapt,471,0.1588
head-adapt,472,0.1594
head-adapt,473,0.1936
head-adapt,474,0.1914
head-adapt,475,0.1968
head-adapt,476,0.1462
head-adapt,477,0.2034
head-adapt,478,0.1798
head-adapt,479,0.2056
head-adapt,480,0.1682
head-adapt,481,0.164
head-adapt,482,0.1646
head-adapt,483,0.1988
head-adapt,484,0.1678
head-adapt,485,0.1794
head-adapt,486,0.2126
head-adapt,487,0.1832
head-adapt,488,0.1684
head-adapt,489,0.177
head-adapt,490,0.1526
head-adapt,491,0.1662
head-adapt,492,0.1852
head-adapt,493,0.1746
head-adapt,494,0.2016
head-adapt,495,0.1402
head-adapt,496,0.1764
head-adapt,497,0.192
head-adapt,498,0.1878
head-adapt,499,0.172
head-adapt,500,0.176
head-adapt,501,0.172
head-adapt,502,0.1972
head-adapt,503,0.2004
head-adapt,504,0.1846
head-adapt,505,0.1622
head-adapt,506,0.1448
head-adapt,507,0.1466
head-adapt,508,0.1914
head-adapt,509,0.1846
head-adapt,510,0.1902
head-adapt,511,0.1762
head-adapt,512,0.2236
head-adapt,513,0.1554
head-adapt,514,0.1954
head-adapt,515,0.1996
head-adapt,516,0.1512
head-adapt,517,0.2096
head-adapt,518,0.2138
head-adapt,519,0.1922
head-adapt,520,0.1826
head-adapt,521,0.219
head-adapt,522,0.1774
head-adapt,523,0.193
head-adapt,524,0.2316
head-adapt,525,0.1856
head-adapt,526,0.2028
head-adapt,527,0.144
head-adapt,528,0.2006
head-adapt,529,0.2182
head-adapt,530,0.1776
head-adapt,531,0.1736
head-adapt,532,0.1752
head-adapt,533,0.1696
head-adapt,534,0.1966
head-adapt,535,0.197
head-adapt,536,0.2218
head-adapt,537,0.1902
head-adapt,538,0.1878
head-adapt,539,0.1812
head-adapt,540,0.1972
head-adapt,541,0.1884
head-adapt,542,0.1652
head-adapt,543,0.181
head-adapt,544,0.208
head-adapt,545,0.1968
head-adapt,546,0.2036
head-adapt,547,0.1906
head-adapt,548,0.2048
head-adapt,549,0.1938
head-adapt,550,0.1986
head-adapt,551,0.1828
head-adapt,552,0.1892
head-adapt,553,0.1958
head-adapt,554,0.1434
head-adapt,555,0.191
head-adapt,556,0.1968
head-adapt,557,0.1708
head-adapt,558,0.1884
head-adapt,559,0.192
head-adapt,560,0.2018
head-adapt,561,0.2308
head-adapt,562,0.2052
head-adapt,563,0.1822
head-adapt,564,0.1982
head-adapt,565,0.1946
head-adapt,566,0.2148
head-adapt,567,0.2246
head-adapt,568,0.1844
head-adapt,569,0.208
head-adapt,570,0.1896
head-adapt,571,0.2066
head-adapt,572,0.184
head-adapt,573,0.1974
head-adapt,574,0.2184
head-adapt,575,0.1688
head-adapt,576,0.178
head-adapt,577,0.1844
head-adapt,578,0.1506
head-adapt,579,0.1896
head-adapt,580,0.1932
head-adapt,581,0.2042
head-adapt,582,0.2036
head-adapt,583,0.2154
head-adapt,584,0.1864
head-adapt,585,0.1954
head-adapt,586,0.1994
head-adapt,587,0.191
head-adapt,588,0.1956
head-adapt,589,0.2134
head-adapt,590,0.1932
head-adapt,591,0.1972
head-adapt,592,0.184
head-adapt,593,0.1882
head-adapt,594,0.1954
head-adapt,595,0.1884
head-adapt,596,0.196
head-adapt,597,0.1914
head-adapt,598,0.1886
head-adapt,599,0.1836
head-adapt,600,0.198
head-adapt,601,0.1932
head-adapt,602,0.1982
head-adapt,603,0.201
head-adapt,604,0.2012
head-adapt,605,0.1762
head-adapt,606,0.1784
head-adapt,607,0.1912
head-adapt,608,0.163
head-adapt,609,0.1966
head-adapt,610,0.1954
head-adapt,611,0.1726
head-adapt,612,0.2034
head-adapt,613,0.1972
head-adapt,614,0.1804
head-adapt,615,0.2034
head-adapt,616,0.1544
head-adapt,617,0.1842
head-adapt,618,0.2028
head-adapt,619,0.1628
head-adapt,620,0.1828
head-adapt,621,0.2046
head-adapt,622,0.1904
head-adapt,623,0.1992
head-adapt,624,0.1756
head-adapt,625,0.1784
head-adapt,626,0.1814
head-adapt,627,0.2002
head-adapt,628,0.1752
head-adapt,629,0.1796
head-adapt,630,0.1722
head-adapt,631,0.1884
head-adapt,632,0.2206
head-adapt,633,0.167
head-adapt,634,0.1888
head-adapt,635,0.2194
head-adapt,636,0.204
head-adapt,637,0.18
head-adapt,638,0.1868
head-adapt,639,0.189
head-adapt,640,0.1928
head-adapt,641,0.179
head-adapt,642,0.2168
head-adapt,643,0.2008
head-adapt,644,0.166
head-adapt,645,0.2062
head-adapt,646,0.2018
head-adapt,647,0.1856
head-adapt,648,0.1992
head-adapt,649,0.159
head-adapt,650,0.1892
head-adapt,651,0.184
head-adapt,652,0.1792
head-adapt,653,0.1876
head-adapt,654,0.1808
head-adapt,655,0.2046
head-adapt,656,0.2158
head-adapt,657,0.2132
head-adapt,658,0.1942
head-adapt,659,0.2016
head-adapt,660,0.2162
head-adapt,661,0.1732
head-adapt,662,0.2002
head-adapt,663,0.1966
head-adapt,664,0.1456
head-adapt,665,0.1804
head-adapt,666,0.2234
head-adapt,667,0.1932
head-adapt,668,0.2044
head-adapt,669,0.2092
head-adapt,670,0.2098
head-adapt,671,0.2218
head-adapt,672,0.1982
head-adapt,673,0.2
head-adapt,674,0.1836
head-adapt,675,0.191
head-adapt,676,0.1878
head-adapt,677,0.1876
head-adapt,678,0.182
head-adapt,679,0.1814
head-adapt,680,0.16
head-adapt,681,0.1798
head-adapt,682,0.1802
head-adapt,683,0.1724
head-adapt,684,0.2012
head-adapt,685,0.1926
head-adapt,686,0.2214
head-adapt,687,0.201
head-adapt,688,0.196
head-adapt,689,0.1972
head-adapt,690,0.1974
head-adapt,691,0.2122
head-adapt,692,0.1874
head-adapt,693,0.189
head-adapt,694,0.1942
head-adapt,695,0.187
head-adapt,696,0.2038
head-adapt,697,0.1712
head-adapt,698,0.1904
head-adapt,699,0.2116
head-adapt,700,0.1914
head-adapt,701,0.2086
head-adapt,702,0.199
head-adapt,703,0.1776
head-adapt,704,0.1978
head-adapt,705,0.1758
head-adapt,706,0.213
head-adapt,707,0.211
head-adapt,708,0.1844
head-adapt,709,0.168
head-adapt,710,0.1902
head-adapt,711,0.2056
head-adapt,712,0.198
head-adapt,713,0.1984
head-adapt,714,0.1894
head-adapt,715,0.1724
head-adapt,716,0.1868
head-adapt,717,0.2088
head-adapt,718,0.1758
head-adapt,719,0.208
head-adapt,720,0.1912
head-adapt,721,0.188
head-adapt,722,0.1794
head-adapt,723,0.2074
head-adapt,724,0.1922
head-adapt,725,0.1984
head-adapt,726,0.1878
head-adapt,727,0.1646
head-adapt,728,0.2318
head-adapt,729,0.2014
head-adapt,730,0.1688
head-adapt,731,0.206
head-adapt,732,0.1488
head-adapt,733,0.2094
head-adapt,734,0.2118
head-adapt,735,0.1578
head-adapt,736,0.1778
head-adapt,737,0.2012
head-adapt,738,0.1936
head-adapt,739,0.2106
head-adapt,740,0.2076
head-adapt,741,0.205
head-adapt,742,0.1744
head-adapt,743,0.2068
head-adapt,744,0.1838
head-adapt,745,0.1998
head-adapt,746,0.2
head-adapt,747,0.1996
head-adapt,748,0.1912
head-adapt,749,0.1846
head-adapt,750,0.178
head-adapt,751,0.1928
head-adapt,752,0.209
head-adapt,753,0.1976
head-adapt,754,0.2102
head-adapt,755,0.1812
head-adapt,756,0.1822
head-adapt,757,0.2032
head-adapt,758,0.2006
head-adapt,759,0.1986
head-adapt,760,0.1872
head-adapt,761,0.1834
head-adapt,762,0.1956
head-adapt,763,0.2112
head-adapt,764,0.1908
head-adapt,765,0.1918
head-adapt,766,0.2148
head-adapt,767,0.1952
head-adapt,768,0.178
head-adapt,769,0.236
head-adapt,770,0.1982
head-adapt,771,0.1908
head-adapt,772,0.1672
head-adapt,773,0.1986
head-adapt,774,0.1824
head-adapt,775,0.188
head-adapt,776,0.168
head-adapt,777,0.2106
head-adapt,778,0.1886
head-adapt,779,0.19
head-adapt,780,0.2084
head-adapt,781,0.173
head-adapt,782,0.16
head-adapt,783,0.1964
head-adapt,784,0.2174
head-adapt,785,0.1722
head-adapt,786,0.2038
head-adapt,787,0.1956
head-adapt,788,0.184
head-adapt,789,0.2088
head-adapt,790,0.208
head-adapt,791,0.1654
head-adapt,792,0.1886
head-adapt,793,0.2184
head-adapt,794,0.1996
head-adapt,795,0.181
head-adapt,796,0.1798
head-adapt,797,0.2024
head-adapt,798,0.201
head-adapt,799,0.1994
head-adapt,800,0.191
head-adapt,801,0.2222
head-adapt,802,0.208
head-adapt,803,0.1702
head-adapt,804,0.1988
head-adapt,805,0.1882
head-adapt,806,0.227
head-adapt,807,0.188
head-adapt,808,0.1956
head-adapt,809,0.1602
head-adapt,810,0.1934
head-adapt,811,0.2056
head-adapt,812,0.166
head-adapt,813,0.2106
head-adapt,814,0.2004
head-adapt,815,0.1726
head-adapt,816,0.1644
head-adapt,817,0.2098
head-adapt,818,0.2194
head-adapt,819,0.2144
head-adapt,820,0.1694
head-adapt,821,0.2158
head-adapt,822,0.1722
head-adapt,823,0.1868
head-adapt,824,0.1824
head-adapt,825,0.181
head-adapt,826,0.1826
head-adapt,827,0.2174
head-adapt,828,0.1872
head-adapt,829,0.1856
head-adapt,830,0.165
head-adapt,831,0.1752
head-adapt,832,0.189
head-adapt,833,0.1844
head-adapt,834,0.1866
head-adapt,835,0.1828
head-adapt,836,0.193
head-adapt,837,0.1726
head-adapt,838,0.2056
head-adapt,839,0.1862
head-adapt,840,0.1944
head-adapt,841,0.1698
head-adapt,842,0.181
head-adapt,843,0.1912
head-adapt,844,0.1984
head-adapt,845,0.21
head-adapt,846,0.1832
head-adapt,847,0.1686
head-adapt,848,0.1916
head-adapt,849,0.1984
head-adapt,850,0.1938
head-adapt,851,0.1956
head-adapt,852,0.207
head-adapt,853,0.2046
head-adapt,854,0.2026
head-adapt,855,0.2124
head-adapt,856,0.1812
head-adapt,857,0.1976
head-adapt,858,0.1786
head-adapt,859,0.1968
head-adapt,860,0.1798
head-adapt,861,0.1786
head-adapt,862,0.1732
head-adapt,863,0.2028
head-adapt,864,0.1848
head-adapt,865,0.1906
head-adapt,866,0.212
head-adapt,867,0.2174
head-adapt,868,0.2026
head-adapt,869,0.1812
head-adapt,870,0.1748
head-adapt,871,0.2106
head-adapt,872,0.2058
head-adapt,873,0.2038
head-adapt,874,0.2078
head-adapt,875,0.1748
head-adapt,876,0.1838
head-adapt,877,0.1794
head-adapt,878,0.188
head-adapt,879,0.1696
head-adapt,880,0.1764
head-adapt,881,0.2078
head-adapt,882,0.1794
head-adapt,883,0.1922
head-adapt,884,0.1878
head-adapt,885,0.1924
head-adapt,886,0.2056
head-adapt,887,0.1876
head-adapt,888,0.1936
head-adapt,889,0.2122
head-adapt,890,0.191
head-adapt,891,0.1874
head-adapt,892,0.2072
head-adapt,893,0.1736
head-adapt,894,0.1878
head-adapt,895,0.1896
head-adapt,896,0.198
head-adapt,897,0.2078
head-adapt,898,0.1662
head-adapt,899,0.1874
head-adapt,900,0.1854
head-adapt,901,0.1762
head-adapt,902,0.202
head-adapt,903,0.186
head-adapt,904,0.1888
head-adapt,905,0.1924
head-adapt,906,0.191
head-adapt,907,0.1736
head-adapt,908,0.217
head-adapt,909,0.193
head-adapt,910,0.18
head-adapt,911,0.173
head-adapt,912,0.2178
head-adapt,913,0.1804
head-adapt,914,0.1582
head-adapt,915,0.2036
head-adapt,916,0.1968
head-adapt,917,0.1988
head-adapt,918,0.1908
head-adapt,919,0.1938
head-adapt,920,0.142
head-adapt,921,0.1952
head-adapt,922,0.1964
head-adapt,923,0.168
head-adapt,924,0.2034
head-adapt,925,0.2014
head-adapt,926,0.1826
head-adapt,927,0.175
head-adapt,928,0.1838
head-adapt,929,0.1972
head-adapt,930,0.1998
head-adapt,931,0.21
head-adapt,932,0.214
head-adapt,933,0.1984
head-adapt,934,0.186
head-adapt,935,0.1814
head-adapt,936,0.2032
head-adapt,937,0.165
head-adapt,938,0.2016
head-adapt,939,0.194
head-adapt,940,0.2008
head-adapt,941,0.2022
head-adapt,942,0.1934
head-adapt,943,0.1792
head-adapt,944,0.221
head-adapt,945,0.1972
head-adapt,946,0.1732
head-adapt,947,0.2032
head-adapt,948,0.2
head-adapt,949,0.1806
head-adapt,950,0.1556
head-adapt,951,0.156
head-adapt,952,0.2104
head-adapt,953,0.1906
head-adapt,954,0.1958
head-adapt,955,0.2026
head-adapt,956,0.2012
head-adapt,957,0.21
head-adapt,958,0.1606
head-adapt,959,0.2028
head-adapt,960,0.2058
head-adapt,961,0.1932
head-adapt,962,0.2052
head-adapt,963,0.1882
head-adapt,964,0.208
head-adapt,965,0.2156
head-adapt,966,0.1962
head-adapt,967,0.184
head-adapt,968,0.1954
head-adapt,969,0.1926
head-adapt,970,0.215
head-adapt,971,0.1952
head-adapt,972,0.2236
head-adapt,973,0.188
head-adapt,974,0.205
head-adapt,975,0.1608
head-adapt,976,0.2138
head-adapt,977,0.228
head-adapt,978,0.203
head-adapt,979,0.162
head-adapt,980,0.2076
head-adapt,981,0.2094
head-adapt,982,0.1712
head-adapt,983,0.1916
head-adapt,984,0.1842
head-adapt,985,0.2658
head-adapt,986,0.1844
head-adapt,987,0.2104
head-adapt,988,0.1782
head-adapt,989,0.1762
head-adapt,990,0.2102
head-adapt,991,0.1896
head-adapt,992,0.16
head-adapt,993,0.1762
head-adapt,994,0.2134
head-adapt,995,0.1898
head-adapt,996,0.1708
head-adapt,997,0.183
head-adapt,998,0.1836
head-adapt,999,0.1854
head-adapt,1000,0.1938
head-adapt,1001,0.1804
head-adapt,1002,0.1862
head-adapt,1003,0.1764
head-adapt,1004,0.179
head-adapt,1005,0.1868
head-adapt,1006,0.1882
head-adapt,1007,0.1874
head-adapt,1008,0.2034
head-adapt,1009,0.2018
head-adapt,1010,0.1924
head-adapt,1011,0.2142
head-adapt,1012,0.2066
head-adapt,1013,0.2014
head-adapt,1014,0.1876
head-adapt,1015,0.1748
head-adapt,1016,0.203
head-adapt,1017,0.1932
head-adapt,1018,0.2198
head-adapt,1019,0.1894
head-adapt,1020,0.214
head-adapt,1021,0.1892
head-adapt,1022,0.1806
head-adapt,1023,0.2012
