source,rank,singular_value,var_frac
image,0,10.862226,0.047244
image,1,9.107175,0.033211
image,2,8.751122,0.030665
image,3,7.879853,0.024863
image,4,7.265861,0.021139
image,5,7.10198,0.020196
image,6,6.807763,0.018558
image,7,6.699973,0.017975
image,8,6.252342,0.015653
image,9,6.069458,0.014751
image,10,5.870355,0.013799
image,11,5.613621,0.012618
image,12,5.50246,0.012123
image,13,5.431893,0.011815
image,14,5.280816,0.011166
image,15,5.144161,0.010596
image,16,5.125682,0.01052
image,17,4.981808,0.009938
image,18,4.858567,0.009452
image,19,4.795866,0.00921
image,20,4.660631,0.008698
image,21,4.53703,0.008242
image,22,4.478849,0.008032
image,23,4.419315,0.00782
image,24,4.358239,0.007606
image,25,4.248933,0.007229
image,26,4.209971,0.007097
image,27,4.136316,0.006851
image,28,4.113027,0.006774
image,29,4.015845,0.006458
image,30,3.917081,0.006144
image,31,3.904973,0.006106
image,32,3.8717,0.006002
image,33,3.827523,0.005866
image,34,3.797257,0.005774
image,35,3.745739,0.005618
image,36,3.725742,0.005558
image,37,3.682864,0.005431
image,38,3.654484,0.005348
image,39,3.614435,0.005231
image,40,3.59388,0.005172
image,41,3.552758,0.005054
image,42,3.506204,0.004923
image,43,3.484583,0.004862
image,44,3.457934,0.004788
image,45,3.407472,0.004649
image,46,3.381427,0.004578
image,47,3.287865,0.004329
image,48,3.269237,0.00428
image,49,3.234298,0.004189
image,50,3.211288,0.004129
image,51,3.187996,0.00407
image,52,3.137003,0.00394
image,53,3.124068,0.003908
image,54,3.086656,0.003815
image,55,3.078411,0.003795
image,56,3.052763,0.003732
image,57,3.028758,0.003673
image,58,2.987647,0.003574
image,59,2.961533,0.003512
image,60,2.959349,0.003507
image,61,2.925875,0.003428
image,62,2.904914,0.003379
image,63,2.880234,0.003322
image,64,2.872709,0.003304
image,65,2.850835,0.003254
image,66,2.83363,0.003215
image,67,2.818101,0.00318
image,68,2.811009,0.003164
image,69,2.765948,0.003063
image,70,2.755894,0.003041
image,71,2.736284,0.002998
image,72,2.706231,0.002933
image,73,2.703197,0.002926
image,74,2.690302,0.002898
image,75,2.677197,0.00287
image,76,2.662289,0.002838
image,77,2.648407,0.002809
image,78,2.633019,0.002776
image,79,2.609133,0.002726
image,80,2.593967,0.002694
image,81,2.583264,0.002672
image,82,2.556428,0.002617
image,83,2.529721,0.002562
image,84,2.520792,0.002544
image,85,2.503997,0.002511
image,86,2.488849,0.00248
image,87,2.479631,0.002462
image,88,2.458105,0.002419
image,89,2.438843,0.002382
image,90,2.432695,0.00237
image,91,2.417692,0.002341
image,92,2.403491,0.002313
image,93,2.400433,0.002307
image,94,2.38317,0.002274
image,95,2.369262,0.002248
image,96,2.365456,0.00224
image,97,2.344839,0.002202
image,98,2.342388,0.002197
image,99,2.338055,0.002189
image,100,2.322546,0.00216
image,101,2.312757,0.002142
image,102,2.306082,0.002129
image,103,2.284993,0.002091
image,104,2.277048,0.002076
image,105,2.272413,0.002068
image,106,2.261428,0.002048
image,107,2.252032,0.002031
image,108,2.242482,0.002014
image,109,2.231829,0.001995
image,110,2.219563,0.001973
image,111,2.212583,0.00196
image,112,2.20054,0.001939
image,113,2.193906,0.001927
image,114,2.173368,0.001891
image,115,2.164624,0.001876
image,116,2.160006,0.001868
image,117,2.154749,0.001859
image,118,2.147427,0.001847
image,119,2.135555,0.001826
image,120,2.124723,0.001808
image,121,2.117154,0.001795
image,122,2.112857,0.001788
image,123,2.102407,0.00177
image,124,2.090726,0.00175
image,125,2.085523,0.001742
image,126,2.0763,0.001726
image,127,2.068853,0.001714
image,128,2.053179,0.001688
image,129,2.043799,0.001673
image,130,2.038405,0.001664
image,131,2.03723,0.001662
image,132,2.02677,0.001645
image,133,2.019312,0.001633
image,134,2.009074,0.001616
image,135,1.995265,0.001594
image,136,1.988247,0.001583
image,137,1.984081,0.001576
image,138,1.978,0.001567
image,139,1.966468,0.001548
image,140,1.958091,0.001535
image,141,1.948431,0.00152
image,142,1.944883,0.001515
image,143,1.933904,0.001498
image,144,1.925141,0.001484
image,145,1.920629,0.001477
image,146,1.913399,0.001466
image,147,1.908254,0.001458
image,148,1.89949,0.001445
image,149,1.890992,0.001432
image,150,1.883791,0.001421
image,151,1.878106,0.001412
image,152,1.876032,0.001409
image,153,1.865443,0.001393
image,154,1.859471,0.001384
image,155,1.852897,0.001375
image,156,1.843366,0.001361
image,157,1.836627,0.001351
image,158,1.83334,0.001346
image,159,1.829325,0.00134
image,160,1.828173,0.001338
image,161,1.814163,0.001318
image,162,1.810237,0.001312
image,163,1.80788,0.001309
image,164,1.797412,0.001294
image,165,1.79379,0.001288
image,166,1.783276,0.001273
image,167,1.778251,0.001266
image,168,1.776713,0.001264
image,169,1.773184,0.001259
image,170,1.768051,0.001252
image,171,1.761634,0.001243
image,172,1.755869,0.001235
image,173,1.748188,0.001224
image,174,1.739977,0.001212
image,175,1.736772,0.001208
image,176,1.73366,0.001203
image,177,1.731174,0.0012
image,178,1.714091,0.001176
image,179,1.712582,0.001174
image,180,1.709202,0.00117
image,181,1.70429,0.001163
image,182,1.703568,0.001162
image,183,1.697937,0.001154
image,184,1.693777,0.001149
image,185,1.689691,0.001143
image,186,1.682154,0.001133
image,187,1.678436,0.001128
image,188,1.674559,0.001123
image,189,1.671726,0.001119
image,190,1.666144,0.001112
image,191,1.663005,0.001107
image,192,1.652691,0.001094
image,193,1.647076,0.001086
image,194,1.644003,0.001082
image,195,1.63842,0.001075
image,196,1.634148,0.001069
image,197,1.624477,0.001057
image,198,1.619343,0.00105
image,199,1.606972,0.001034
image,-1,99.756,-1
ceiling,0,14.881014,0.069974
ceiling,1,10.861893,0.037281
ceiling,2,9.902314,0.030985
ceiling,3,8.863069,0.024822
ceiling,4,8.389456,0.02224
ceiling,5,8.006591,0.020257
ceiling,6,7.797023,0.01921
ceiling,7,7.1681,0.016236
ceiling,8,6.894394,0.01502
ceiling,9,6.486097,0.013294
ceiling,10,6.335243,0.012682
ceiling,11,6.273569,0.012437
ceiling,12,6.187462,0.012098
ceiling,13,6.093787,0.011734
ceiling,14,5.962007,0.011232
ceiling,15,5.920441,0.011076
ceiling,16,5.844542,0.010794
ceiling,17,5.659697,0.010122
ceiling,18,5.503478,0.009571
ceiling,19,5.296385,0.008864
ceiling,20,5.245906,0.008696
ceiling,21,5.153884,0.008394
ceiling,22,5.046864,0.008049
ceiling,23,4.979811,0.007836
ceiling,24,4.966172,0.007793
ceiling,25,4.936143,0.007699
ceiling,26,4.864832,0.007478
ceiling,27,4.775382,0.007206
ceiling,28,4.740007,0.0071
ceiling,29,4.6421,0.006809
ceiling,30,4.555234,0.006557
ceiling,31,4.549045,0.006539
ceiling,32,4.481162,0.006345
ceiling,33,4.405632,0.006133
ceiling,34,4.353826,0.00599
ceiling,35,4.29702,0.005835
ceiling,36,4.225883,0.005643
ceiling,37,4.201272,0.005577
ceiling,38,4.144968,0.005429
ceiling,39,4.12447,0.005375
ceiling,40,4.100825,0.005314
ceiling,41,4.074457,0.005246
ceiling,42,4.030249,0.005133
ceiling,43,4.009399,0.00508
ceiling,44,3.91863,0.004852
ceiling,45,3.905926,0.004821
ceiling,46,3.880756,0.004759
ceiling,47,3.840691,0.004661
ceiling,48,3.813909,0.004596
ceiling,49,3.775944,0.004505
ceiling,50,3.729633,0.004395
ceiling,51,3.700925,0.004328
ceiling,52,3.692057,0.004307
ceiling,53,3.665109,0.004245
ceiling,54,3.621246,0.004144
ceiling,55,3.589856,0.004072
ceiling,56,3.572419,0.004033
ceiling,57,3.566082,0.004018
ceiling,58,3.545738,0.003973
ceiling,59,3.489893,0.003849
ceiling,60,3.456676,0.003776
ceiling,61,3.434097,0.003726
ceiling,62,3.427355,0.003712
ceiling,63,3.401261,0.003656
ceiling,64,3.383625,0.003618
ceiling,65,3.346541,0.003539
ceiling,66,3.332177,0.003509
ceiling,67,3.306032,0.003454
ceiling,68,3.288291,0.003417
ceiling,69,3.246352,0.00333
ceiling,70,3.219724,0.003276
ceiling,71,3.211048,0.003258
ceiling,72,3.173255,0.003182
ceiling,73,3.134037,0.003104
ceiling,74,3.130079,0.003096
ceiling,75,3.117764,0.003072
ceiling,76,3.106298,0.003049
ceiling,77,3.099051,0.003035
ceiling,78,3.068594,0.002975
ceiling,79,3.055181,0.002949
ceiling,80,3.009871,0.002863
ceiling,81,3.005735,0.002855
ceiling,82,2.977594,0.002802
ceiling,83,2.967824,0.002783
ceiling,84,2.932254,0.002717
ceiling,85,2.918023,0.002691
ceiling,86,2.906963,0.00267
ceiling,87,2.902284,0.002662
ceiling,88,2.878657,0.002619
ceiling,89,2.859211,0.002583
ceiling,90,2.841582,0.002551
ceiling,91,2.825656,0.002523
ceiling,92,2.803563,0.002484
ceiling,93,2.775408,0.002434
ceiling,94,2.770977,0.002426
ceiling,95,2.748438,0.002387
ceiling,96,2.736087,0.002366
ceiling,97,2.709231,0.002319
ceiling,98,2.703371,0.002309
ceiling,99,2.69642,0.002297
ceiling,100,2.668931,0.002251
ceiling,101,2.659208,0.002234
ceiling,102,2.636414,0.002196
ceiling,103,2.619936,0.002169
ceiling,104,2.610933,0.002154
ceiling,105,2.59898,0.002134
ceiling,106,2.587022,0.002115
ceiling,107,2.565125,0.002079
ceiling,108,2.552745,0.002059
ceiling,109,2.535376,0.002031
ceiling,110,2.517,0.002002
ceiling,111,2.510633,0.001992
ceiling,112,2.5013,0.001977
ceiling,113,2.494713,0.001967
ceiling,114,2.479139,0.001942
ceiling,115,2.466203,0.001922
ceiling,116,2.45135,0.001899
ceiling,117,2.442549,0.001885
ceiling,118,2.431786,0.001869
ceiling,119,2.413944,0.001841
ceiling,120,2.399088,0.001819
ceiling,121,2.37794,0.001787
ceiling,122,2.373891,0.001781
ceiling,123,2.363528,0.001765
ceiling,124,2.340783,0.001731
ceiling,125,2.339876,0.00173
ceiling,126,2.327629,0.001712
ceiling,127,2.321302,0.001703
ceiling,128,2.30013,0.001672
ceiling,129,2.292781,0.001661
ceiling,130,2.283098,0.001647
ceiling,131,2.266717,0.001624
ceiling,132,2.257224,0.00161
ceiling,133,2.250895,0.001601
ceiling,134,2.243231,0.00159
ceiling,135,2.227336,0.001568
ceiling,136,2.221573,0.00156
ceiling,137,2.210688,0.001544
ceiling,138,2.190118,0.001516
ceiling,139,2.17811,0.001499
ceiling,140,2.166911,0.001484
ceiling,141,2.163744,0.001479
ceiling,142,2.147045,0.001457
ceiling,143,2.141468,0.001449
ceiling,144,2.127348,0.00143
ceiling,145,2.123997,0.001426
ceiling,146,2.116083,0.001415
ceiling,147,2.105098,0.0014
ceiling,148,2.092515,0.001384
ceiling,149,2.091874,0.001383
ceiling,150,2.077409,0.001364
ceiling,151,2.076317,0.001362
ceiling,152,2.060986,0.001342
ceiling,153,2.051088,0.001329
ceiling,154,2.040624,0.001316
ceiling,155,2.033317,0.001306
ceiling,156,2.019093,0.001288
ceiling,157,2.013439,0.001281
ceiling,158,2.006627,0.001272
ceiling,159,2.002482,0.001267
ceiling,160,1.99016,0.001252
ceiling,161,1.98579,0.001246
ceiling,162,1.975963,0.001234
ceiling,163,1.95665,0.00121
ceiling,164,1.955776,0.001209
ceiling,165,1.945224,0.001196
ceiling,166,1.941443,0.001191
ceiling,167,1.926176,0.001172
ceiling,168,1.920281,0.001165
ceiling,169,1.917656,0.001162
ceiling,170,1.908313,0.001151
ceiling,171,1.89802,0.001138
ceiling,172,1.882672,0.00112
ceiling,173,1.87903,0.001116
ceiling,174,1.873769,0.001109
ceiling,175,1.863021,0.001097
ceiling,176,1.857059,0.00109
ceiling,177,1.847672,0.001079
ceiling,178,1.844535,0.001075
ceiling,179,1.840303,0.00107
ceiling,180,1.830781,0.001059
ceiling,181,1.826225,0.001054
ceiling,182,1.813566,0.001039
ceiling,183,1.806188,0.001031
ceiling,184,1.801302,0.001025
ceiling,185,1.784836,0.001007
ceiling,186,1.778709,0.001
ceiling,187,1.770432,0.00099
ceiling,188,1.759057,0.000978
ceiling,189,1.752954,0.000971
ceiling,190,1.747008,0.000964
ceiling,191,1.737396,0.000954
ceiling,192,1.73385,0.00095
ceiling,193,1.72239,0.000937
ceiling,194,1.719057,0.000934
ceiling,195,1.714988,0.000929
ceiling,196,1.708802,0.000923
ceiling,197,1.70295,0.000916
ceiling,198,1.698261,0.000911
ceiling,199,1.688139,0.000901
ceiling,-1,76.684,-1
distillation,0,15.170375,0.085063
distillation,1,12.264276,0.055595
distillation,2,11.263634,0.046893
distillation,3,10.27312,0.039008
distillation,4,9.717652,0.034904
distillation,5,9.379587,0.032517
distillation,6,8.511859,0.026779
distillation,7,8.12004,0.024371
distillation,8,7.779509,0.022369
distillation,9,7.250554,0.019431
distillation,10,7.096634,0.018615
distillation,11,6.914748,0.017673
distillation,12,6.884537,0.017519
distillation,13,6.682999,0.016508
distillation,14,6.629002,0.016242
distillation,15,6.593482,0.016069
distillation,16,6.53288,0.015775
distillation,17,6.297202,0.014657
distillation,18,5.942883,0.013054
distillation,19,5.832217,0.012572
distillation,20,5.700362,0.01201
distillation,21,5.610004,0.011633
distillation,22,5.456661,0.011005
distillation,23,5.425527,0.01088
distillation,24,5.339904,0.010539
distillation,25,5.264543,0.010244
distillation,26,5.226551,0.010097
distillation,27,5.117915,0.009681
distillation,28,5.08353,0.009552
distillation,29,4.997852,0.009232
distillation,30,4.924067,0.008962
distillation,31,4.819561,0.008585
distillation,32,4.786913,0.00847
distillation,33,4.646965,0.007982
distillation,34,4.613733,0.007868
distillation,35,4.565455,0.007704
distillation,36,4.512993,0.007528
distillation,37,4.473068,0.007395
distillation,38,4.413764,0.007201
distillation,39,4.366873,0.007048
distillation,40,4.345737,0.00698
distillation,41,4.258709,0.006704
distillation,42,4.224775,0.006597
distillation,43,4.179473,0.006456
distillation,44,4.104897,0.006228
distillation,45,4.08434,0.006166
distillation,46,4.042022,0.006039
distillation,47,4.01312,0.005953
distillation,48,3.970983,0.005828
distillation,49,3.90304,0.005631
distillation,50,3.875991,0.005553
distillation,51,3.833794,0.005433
distillation,52,3.778463,0.005277
distillation,53,3.74448,0.005182
distillation,54,3.70846,0.005083
distillation,55,3.691252,0.005036
distillation,56,3.659824,0.004951
distillation,57,3.576769,0.004729
distillation,58,3.564085,0.004695
distillation,59,3.537367,0.004625
distillation,60,3.490113,0.004502
distillation,61,3.42199,0.004328
distillation,62,3.368572,0.004194
distillation,63,3.346259,0.004139
distillation,64,3.342044,0.004128
distillation,65,3.27503,0.003964
distillation,66,3.228239,0.003852
distillation,67,3.209897,0.003808
distillation,68,3.180436,0.003739
distillation,69,3.134642,0.003632
distillation,70,3.067997,0.003479
distillation,71,3.053054,0.003445
distillation,72,3.046326,0.00343
distillation,73,2.984668,0.003293
distillation,74,2.940708,0.003196
distillation,75,2.887908,0.003083
distillation,76,2.883507,0.003073
distillation,77,2.838537,0.002978
distillation,78,2.806655,0.002912
distillation,79,2.786919,0.002871
distillation,80,2.756848,0.002809
distillation,81,2.726663,0.002748
distillation,82,2.668483,0.002632
distillation,83,2.65428,0.002604
distillation,84,2.597059,0.002493
distillation,85,2.587416,0.002474
distillation,86,2.573874,0.002449
distillation,87,2.488577,0.002289
distillation,88,2.471593,0.002258
distillation,89,2.443593,0.002207
distillation,90,2.412831,0.002152
distillation,91,2.365245,0.002068
distillation,92,2.341316,0.002026
distillation,93,2.320984,0.001991
distillation,94,2.252238,0.001875
distillation,95,2.212241,0.001809
distillation,96,2.197539,0.001785
distillation,97,2.173827,0.001747
distillation,98,2.129839,0.001677
distillation,99,2.093457,0.00162
distillation,100,2.081486,0.001601
distillation,101,2.015244,0.001501
distillation,102,1.984267,0.001455
distillation,103,1.926921,0.001372
distillation,104,1.915793,0.001357
distillation,105,1.844391,0.001257
distillation,106,1.833028,0.001242
distillation,107,1.798605,0.001196
distillation,108,1.789128,0.001183
distillation,109,1.73256,0.001109
distillation,110,1.714874,0.001087
distillation,111,1.634826,0.000988
distillation,112,1.623284,0.000974
distillation,113,1.5944,0.00094
distillation,114,1.553799,0.000892
distillation,115,1.53199,0.000867
distillation,116,1.466353,0.000795
distillation,117,1.446443,0.000773
distillation,118,1.433429,0.000759
distillation,119,1.426666,0.000752
distillation,120,1.387884,0.000712
distillation,121,1.335804,0.00066
distillation,122,1.310086,0.000634
distillation,123,1.288495,0.000614
distillation,124,1.278865,0.000605
distillation,125,1.255129,0.000582
distillation,126,1.229031,0.000558
distillation,127,1.20401,0.000536
distillation,128,1.173419,0.000509
distillation,129,1.121952,0.000465
distillation,130,1.106987,0.000453
distillation,131,1.06914,0.000422
distillation,132,1.047411,0.000405
distillation,133,1.026334,0.000389
distillation,134,0.999637,0.000369
distillation,135,0.993238,0.000365
distillation,136,0.965741,0.000345
distillation,137,0.94077,0.000327
distillation,138,0.927223,0.000318
distillation,139,0.92004,0.000313
distillation,140,0.894174,0.000296
distillation,141,0.889681,0.000293
distillation,142,0.850328,0.000267
distillation,143,0.832113,0.000256
distillation,144,0.822046,0.00025
distillation,145,0.788978,0.00023
distillation,146,0.767101,0.000217
distillation,147,0.755235,0.000211
distillation,148,0.731402,0.000198
distillation,149,0.723381,0.000193
distillation,150,0.715693,0.000189
distillation,151,0.703886,0.000183
distillation,152,0.674731,0.000168
distillation,153,0.665623,0.000164
distillation,154,0.653064,0.000158
distillation,155,0.636615,0.00015
distillation,156,0.635723,0.000149
distillation,157,0.621013,0.000143
distillation,158,0.614325,0.000139
distillation,159,0.587251,0.000127
distillation,160,0.580088,0.000124
distillation,161,0.574341,0.000122
distillation,162,0.569817,0.00012
distillation,163,0.561103,0.000116
distillation,164,0.548646,0.000111
distillation,165,0.540182,0.000108
distillation,166,0.526191,0.000102
distillation,167,0.52278,0.000101
distillation,168,0.514808,9.8e-05
distillation,169,0.511188,9.7e-05
distillation,170,0.507793,9.5e-05
distillation,171,0.492972,9e-05
distillation,172,0.489994,8.9e-05
distillation,173,0.483918,8.7e-05
distillation,174,0.483386,8.6e-05
distillation,175,0.472909,8.3e-05
distillation,176,0.464658,8e-05
distillation,177,0.456791,7.7e-05
distillation,178,0.450448,7.5e-05
distillation,179,0.446972,7.4e-05
distillation,180,0.43936,7.1e-05
distillation,181,0.434724,7e-05
distillation,182,0.43123,6.9e-05
distillation,183,0.427277,6.7e-05
distillation,184,0.422003,6.6e-05
distillation,185,0.4194,6.5e-05
distillation,186,0.418199,6.5e-05
distillation,187,0.408152,6.2e-05
distillation,188,0.402637,6e-05
distillation,189,0.397763,5.8e-05
distillation,190,0.391843,5.7e-05
distillation,191,0.387384,5.5e-05
distillation,192,0.383889,5.4e-05
distillation,193,0.380643,5.4e-05
distillation,194,0.378357,5.3e-05
distillation,195,0.373277,5.2e-05
distillation,196,0.369447,5e-05
distillation,197,0.365813,4.9e-05
distillation,198,0.363909,4.9e-05
distillation,199,0.362807,4.9e-05
distillation,-1,41.948,-1
head-adapt,0,9.033647,0.067333
head-adapt,1,7.522035,0.046684
head-adapt,2,6.912079,0.03942
head-adapt,3,6.628287,0.036249
head-adapt,4,6.164927,0.031359
head-adapt,5,5.875144,0.02848
head-adapt,6,5.359513,0.0237
head-adapt,7,5.257109,0.022803
head-adapt,8,4.915788,0.019938
head-adapt,9,4.747372,0.018595
head-adapt,10,4.509112,0.016776
head-adapt,11,4.492236,0.01665
head-adapt,12,4.321874,0.015411
head-adapt,13,4.171766,0.014359
head-adapt,14,4.014828,0.013299
head-adapt,15,3.927984,0.01273
head-adapt,16,3.811662,0.011987
head-adapt,17,3.693703,0.011257
head-adapt,18,3.620809,0.010817
head-adapt,19,3.563516,0.010477
head-adapt,20,3.541573,0.010349
head-adapt,21,3.44832,0.009811
head-adapt,22,3.381873,0.009437
head-adapt,23,3.302368,0.008998
head-adapt,24,3.239474,0.008659
head-adapt,25,3.186866,0.00838
head-adapt,26,3.148372,0.008178
head-adapt,27,3.100257,0.00793
head-adapt,28,3.067418,0.007763
head-adapt,29,3.00744,0.007463
head-adapt,30,2.932526,0.007096
head-adapt,31,2.882754,0.006857
head-adapt,32,2.863345,0.006765
head-adapt,33,2.809964,0.006515
head-adapt,34,2.766564,0.006315
head-adapt,35,2.750155,0.00624
head-adapt,36,2.732516,0.006161
head-adapt,37,2.687829,0.005961
head-adapt,38,2.674593,0.005902
head-adapt,39,2.604026,0.005595
head-adapt,40,2.560963,0.005411
head-adapt,41,2.552856,0.005377
head-adapt,42,2.491324,0.005121
head-adapt,43,2.476994,0.005062
head-adapt,44,2.46459,0.005012
head-adapt,45,2.444812,0.004932
head-adapt,46,2.412622,0.004803
head-adapt,47,2.371619,0.004641
head-adapt,48,2.365411,0.004616
head-adapt,49,2.333596,0.004493
head-adapt,50,2.306411,0.004389
head-adapt,51,2.288533,0.004321
head-adapt,52,2.253086,0.004188
head-adapt,53,2.237543,0.004131
head-adapt,54,2.203587,0.004006
head-adapt,55,2.198374,0.003988
head-adapt,56,2.191898,0.003964
head-adapt,57,2.160862,0.003853
head-adapt,58,2.142812,0.003789
head-adapt,59,2.120886,0.003711
head-adapt,60,2.07914,0.003567
head-adapt,61,2.056596,0.00349
head-adapt,62,2.039245,0.003431
head-adapt,63,2.025398,0.003385
head-adapt,64,2.024147,0.003381
head-adapt,65,2.007911,0.003327
head-adapt,66,1.993396,0.003279
head-adapt,67,1.97716,0.003225
head-adapt,68,1.953921,0.00315
head-adapt,69,1.948353,0.003132
head-adapt,70,1.931343,0.003078
head-adapt,71,1.918105,0.003036
head-adapt,72,1.907515,0.003002
head-adapt,73,1.879611,0.002915
head-adapt,74,1.855697,0.002841
head-adapt,75,1.852108,0.00283
head-adapt,76,1.84798,0.002818
head-adapt,77,1.812918,0.002712
head-adapt,78,1.805224,0.002689
head-adapt,79,1.785488,0.00263
head-adapt,80,1.78178,0.002619
head-adapt,81,1.766128,0.002574
head-adapt,82,1.760736,0.002558
head-adapt,83,1.745678,0.002514
head-adapt,84,1.732852,0.002478
head-adapt,85,1.723352,0.00245
head-adapt,86,1.706076,0.002402
head-adapt,87,1.693438,0.002366
head-adapt,88,1.672333,0.002308
head-adapt,89,1.66935,0.002299
head-adapt,90,1.66072,0.002276
head-adapt,91,1.649335,0.002244
head-adapt,92,1.623441,0.002175
head-adapt,93,1.616195,0.002155
head-adapt,94,1.605213,0.002126
head-adapt,95,1.599635,0.002111
head-adapt,96,1.594295,0.002097
head-adapt,97,1.584915,0.002073
head-adapt,98,1.581642,0.002064
head-adapt,99,1.567637,0.002028
head-adapt,100,1.551104,0.001985
head-adapt,101,1.549622,0.001981
head-adapt,102,1.543574,0.001966
head-adapt,103,1.520922,0.001909
head-adapt,104,1.505161,0.001869
head-adapt,105,1.501165,0.001859
head-adapt,106,1.492207,0.001837
head-adapt,107,1.481655,0.001811
head-adapt,108,1.466833,0.001775
head-adapt,109,1.462705,0.001765
head-adapt,110,1.45492,0.001747
head-adapt,111,1.446349,0.001726
head-adapt,112,1.435297,0.0017
head-adapt,113,1.425735,0.001677
head-adapt,114,1.408872,0.001638
head-adapt,115,1.405719,0.00163
head-adapt,116,1.399416,0.001616
head-adapt,117,1.391689,0.001598
head-adapt,118,1.384426,0.001581
head-adapt,119,1.371753,0.001553
head-adapt,120,1.364879,0.001537
head-adapt,121,1.355318,0.001516
head-adapt,122,1.347931,0.001499
head-adapt,123,1.344939,0.001492
head-adapt,124,1.338888,0.001479
head-adapt,125,1.337873,0.001477
head-adapt,126,1.333602,0.001467
head-adapt,127,1.328074,0.001455
head-adapt,128,1.31556,0.001428
head-adapt,129,1.303831,0.001403
head-adapt,130,1.298935,0.001392
head-adapt,131,1.287485,0.001368
head-adapt,132,1.284277,0.001361
head-adapt,133,1.28071,0.001353
head-adapt,134,1.273656,0.001338
head-adapt,135,1.269577,0.00133
head-adapt,136,1.266853,0.001324
head-adapt,137,1.262782,0.001316
head-adapt,138,1.246333,0.001282
head-adapt,139,1.238364,0.001265
head-adapt,140,1.233082,0.001255
head-adapt,141,1.226864,0.001242
head-adapt,142,1.225777,0.00124
head-adapt,143,1.220755,0.00123
head-adapt,144,1.206952,0.001202
head-adapt,145,1.197725,0.001184
head-adapt,146,1.188849,0.001166
head-adapt,147,1.188543,0.001166
head-adapt,148,1.178489,0.001146
head-adapt,149,1.171088,0.001132
head-adapt,150,1.165861,0.001121
head-adapt,151,1.164947,0.00112
head-adapt,152,1.163988,0.001118
head-adapt,153,1.149685,0.001091
head-adapt,154,1.14362,0.001079
head-adapt,155,1.143157,0.001078
head-adapt,156,1.135894,0.001065
head-adapt,157,1.134653,0.001062
head-adapt,158,1.124234,0.001043
head-adapt,159,1.122352,0.001039
head-adapt,160,1.1113,0.001019
head-adapt,161,1.10641,0.00101
head-adapt,162,1.103158,0.001004
head-adapt,163,1.100922,0.001
head-adapt,164,1.093804,0.000987
head-adapt,165,1.091617,0.000983
head-adapt,166,1.085025,0.000971
head-adapt,167,1.078717,0.00096
head-adapt,168,1.073748,0.000951
head-adapt,169,1.069828,0.000944
head-adapt,170,1.060464,0.000928
head-adapt,171,1.053689,0.000916
head-adapt,172,1.053285,0.000915
head-adapt,173,1.05178,0.000913
head-adapt,174,1.043108,0.000898
head-adapt,175,1.039521,0.000892
head-adapt,176,1.033789,0.000882
head-adapt,177,1.032774,0.00088
head-adapt,178,1.023007,0.000863
head-adapt,179,1.020104,0.000859
head-adapt,180,1.007496,0.000838
head-adapt,181,1.004076,0.000832
head-adapt,182,1.001937,0.000828
head-adapt,183,1.001307,0.000827
head-adapt,184,0.999427,0.000824
head-adapt,185,0.993244,0.000814
head-adapt,186,0.990162,0.000809
head-adapt,187,0.988366,0.000806
head-adapt,188,0.984938,0.0008
head-adapt,189,0.982786,0.000797
head-adapt,190,0.97723,0.000788
head-adapt,191,0.963554,0.000766
head-adapt,192,0.962059,0.000764
head-adapt,193,0.953071,0.000749
head-adapt,194,0.949791,0.000744
head-adapt,195,0.943745,0.000735
head-adapt,196,0.941393,0.000731
head-adapt,197,0.935334,0.000722
head-adapt,198,0.932307,0.000717
head-adapt,199,0.926024,0.000708
head-adapt,-1,58.477,-1
