path,absz_bin,count
image,0.0,114470
image,0.000878,114265
image,0.001756,114358
image,0.002634,113757
image,0.003512,114458
image,0.004391,113007
image,0.005269,113039
image,0.006147,111960
image,0.007025,111084
image,0.007903,110797
image,0.008781,109970
image,0.009659,108400
image,0.010537,107901
image,0.011416,106768
image,0.012294,105595
image,0.013172,104547
image,0.01405,103112
image,0.014928,101922
image,0.015806,99780
image,0.016684,98215
image,0.017562,97123
image,0.018441,95543
image,0.019319,93954
image,0.020197,92498
image,0.021075,91107
image,0.021953,89251
image,0.022831,87388
image,0.023709,85213
image,0.024587,83418
image,0.025466,81698
image,0.026344,79674
image,0.027222,77625
image,0.0281,75421
image,0.028978,74338
image,0.029856,72012
image,0.030734,70087
image,0.031612,68018
image,0.03249,66223
image,0.033369,64100
image,0.034247,62321
image,0.035125,60143
image,0.036003,58456
image,0.036881,56364
image,0.037759,54643
image,0.038637,52453
image,0.039515,50749
image,0.040394,49085
image,0.041272,46981
image,0.04215,44995
image,0.043028,44053
image,0.043906,42066
image,0.044784,40239
image,0.045662,38566
image,0.04654,36890
image,0.047419,35429
image,0.048297,33785
image,0.049175,32703
image,0.050053,31122
image,0.050931,29710
image,0.051809,28413
image,0.052687,27007
image,0.053565,25565
image,0.054443,24590
image,0.055322,23296
image,0.0562,22012
image,0.057078,21165
image,0.057956,19950
image,0.058834,18886
image,0.059712,17955
image,0.06059,16970
image,0.061468,15969
image,0.062347,15297
image,0.063225,14240
image,0.064103,13446
image,0.064981,12827
image,0.065859,12014
image,0.066737,11272
image,0.067615,10719
image,0.068493,10015
image,0.069372,9350
image,0.07025,8820
image,0.071128,8360
image,0.072006,7830
image,0.072884,7434
image,0.073762,6938
image,0.07464,6328
image,0.075518,5879
image,0.076397,5748
image,0.077275,5269
image,0.078153,4825
image,0.079031,4436
image,0.079909,4193
image,0.080787,3924
image,0.081665,3638
image,0.082543,3400
image,0.083421,3147
image,0.0843,2895
image,0.085178,2752
image,0.086056,2478
image,0.086934,2299
image,frac_below_0.001,0.02545
image,frac_below_0.005,0.12687
image,frac_below_0.01,0.25063
image,frac_below_0.02,0.47716
image,frac_below_0.05,0.89063
ceiling,0.0,112294
ceiling,0.000872,113023
ceiling,0.001744,113188
ceiling,0.002616,112832
ceiling,0.003489,112154
ceiling,0.004361,112513
ceiling,0.005233,111988
ceiling,0.006105,110979
ceiling,0.006977,110367
ceiling,0.007849,109641
ceiling,0.008721,108787
ceiling,0.009594,108247
ceiling,0.010466,106776
ceiling,0.011338,105996
ceiling,0.01221,104579
ceiling,0.013082,103770
ceiling,0.013954,102840
ceiling,0.014826,100541
ceiling,0.015699,100165
ceiling,0.016571,98223
ceiling,0.017443,96807
ceiling,0.018315,95516
ceiling,0.019187,93320
ceiling,0.020059,92285
ceiling,0.020931,90035
ceiling,0.021804,88645
ceiling,0.022676,87046
ceiling,0.023548,84589
ceiling,0.02442,82544
ceiling,0.025292,81319
ceiling,0.026164,79645
ceiling,0.027036,77818
ceiling,0.027908,75491
ceiling,0.028781,73604
ceiling,0.029653,72040
ceiling,0.030525,70113
ceiling,0.031397,68015
ceiling,0.032269,66479
ceiling,0.033141,64400
ceiling,0.034013,62088
ceiling,0.034886,60580
ceiling,0.035758,58602
ceiling,0.03663,56723
ceiling,0.037502,54839
ceiling,0.038374,53059
ceiling,0.039246,51496
ceiling,0.040118,49223
ceiling,0.040991,47724
ceiling,0.041863,45863
ceiling,0.042735,44388
ceiling,0.043607,42429
ceiling,0.044479,40631
ceiling,0.045351,39490
ceiling,0.046223,37891
ceiling,0.047096,36313
ceiling,0.047968,34597
ceiling,0.04884,33032
ceiling,0.049712,31761
ceiling,0.050584,30269
ceiling,0.051456,28935
ceiling,0.052328,27921
ceiling,0.053201,26767
ceiling,0.054073,25126
ceiling,0.054945,23815
ceiling,0.055817,22558
ceiling,0.056689,21781
ceiling,0.057561,20531
ceiling,0.058433,19332
ceiling,0.059306,18386
ceiling,0.060178,17423
ceiling,0.06105,16370
ceiling,0.061922,15597
ceiling,0.062794,14768
ceiling,0.063666,14055
ceiling,0.064538,13102
ceiling,0.065411,12629
ceiling,0.066283,11824
ceiling,0.067155,11125
ceiling,0.068027,10339
ceiling,0.068899,9598
ceiling,0.069771,9070
ceiling,0.070643,8639
ceiling,0.071515,8131
ceiling,0.072388,7651
ceiling,0.07326,6991
ceiling,0.074132,6603
ceiling,0.075004,6091
ceiling,0.075876,5734
ceiling,0.076748,5337
ceiling,0.07762,4961
ceiling,0.078493,4605
ceiling,0.079365,4262
ceiling,0.080237,3951
ceiling,0.081109,3679
ceiling,0.081981,3444
ceiling,0.082853,3217
ceiling,0.083725,2920
ceiling,0.084598,2610
ceiling,0.08547,2516
ceiling,0.086342,2394
ceiling,frac_below_0.001,0.02517
ceiling,frac_below_0.005,0.12612
ceiling,frac_below_0.01,0.24969
ceiling,frac_below_0.02,0.47622
ceiling,frac_below_0.05,0.89029
distillation,0.0,114236
distillation,0.000876,113848
distillation,0.001752,113610
distillation,0.002628,113667
distillation,0.003503,112978
distillation,0.004379,112553
distillation,0.005255,111773
distillation,0.006131,111511
distillation,0.007007,110893
distillation,0.007883,110461
distillation,0.008758,109395
distillation,0.009634,108350
distillation,0.01051,107897
distillation,0.011386,106839
distillation,0.012262,104995
distillation,0.013138,104140
distillation,0.014014,102610
distillation,0.014889,101510
distillation,0.015765,99831
distillation,0.016641,98742
distillation,0.017517,96664
distillation,0.018393,95250
distillation,0.019269,93990
distillation,0.020145,92313
distillation,0.02102,90655
distillation,0.021896,89222
distillation,0.022772,86661
distillation,0.023648,84881
distillation,0.024524,83432
distillation,0.0254,81296
distillation,0.026275,79946
distillation,0.027151,77682
distillation,0.028027,76400
distillation,0.028903,73973
distillation,0.029779,71783
distillation,0.030655,69445
distillation,0.031531,68270
distillation,0.032406,65983
distillation,0.033282,64360
distillation,0.034158,62684
distillation,0.035034,60808
distillation,0.03591,58436
distillation,0.036786,56440
distillation,0.037662,54740
distillation,0.038537,52804
distillation,0.039413,50956
distillation,0.040289,49216
distillation,0.041165,47462
distillation,0.042041,45845
distillation,0.042917,43823
distillation,0.043792,42336
distillation,0.044668,40551
distillation,0.045544,39229
distillation,0.04642,37303
distillation,0.047296,35724
distillation,0.048172,34138
distillation,0.049048,32876
distillation,0.049923,31210
distillation,0.050799,29780
distillation,0.051675,28558
distillation,0.052551,27359
distillation,0.053427,26501
distillation,0.054303,24815
distillation,0.055179,23648
distillation,0.056054,22319
distillation,0.05693,21239
distillation,0.057806,20085
distillation,0.058682,19248
distillation,0.059558,18246
distillation,0.060434,17211
distillation,0.061309,16094
distillation,0.062185,15387
distillation,0.063061,14282
distillation,0.063937,13772
distillation,0.064813,12805
distillation,0.065689,12123
distillation,0.066565,11274
distillation,0.06744,10665
distillation,0.068316,9922
distillation,0.069192,9553
distillation,0.070068,8900
distillation,0.070944,8279
distillation,0.07182,8033
distillation,0.072696,7397
distillation,0.073571,6766
distillation,0.074447,6354
distillation,0.075323,6026
distillation,0.076199,5576
distillation,0.077075,5284
distillation,0.077951,4922
distillation,0.078826,4532
distillation,0.079702,4270
distillation,0.080578,3832
distillation,0.081454,3622
distillation,0.08233,3558
distillation,0.083206,3151
distillation,0.084082,2861
distillation,0.084957,2763
distillation,0.085833,2542
distillation,0.086709,2220
distillation,frac_below_0.001,0.02548
distillation,frac_below_0.005,0.12656
distillation,frac_below_0.01,0.25003
distillation,frac_below_0.02,0.47666
distillation,frac_below_0.05,0.89067
head-adapt,0.0,112360
head-adapt,0.000869,112101
head-adapt,0.001738,112443
head-adapt,0.002606,112424
head-adapt,0.003475,111217
head-adapt,0.004344,111437
head-adapt,0.005213,110981
head-adapt,0.006082,109890
head-adapt,0.00695,110398
head-adapt,0.007819,108795
head-adapt,0.008688,107971
head-adapt,0.009557,106850
head-adapt,0.010425,107042
head-adapt,0.011294,104880
head-adapt,0.012163,104213
head-adapt,0.013032,103328
head-adapt,0.013901,102112
head-adapt,0.014769,101032
head-adapt,0.015638,99355
head-adapt,0.016507,97885
head-adapt,0.017376,96021
head-adapt,0.018245,94895
head-adapt,0.019113,93565
head-adapt,0.019982,91571
head-adapt,0.020851,90280
head-adapt,0.02172,88313
head-adapt,0.022588,87076
head-adapt,0.023457,85370
head-adapt,0.024326,83168
head-adapt,0.025195,81478
head-adapt,0.026064,79621
head-adapt,0.026932,77919
head-adapt,0.027801,75550
head-adapt,0.02867,74354
head-adapt,0.029539,72354
head-adapt,0.030408,69971
head-adapt,0.031276,68250
head-adapt,0.032145,66905
head-adapt,0.033014,64457
head-adapt,0.033883,62506
head-adapt,0.034751,60481
head-adapt,0.03562,58488
head-adapt,0.036489,56953
head-adapt,0.037358,55168
head-adapt,0.038227,53276
head-adapt,0.039095,51086
head-adapt,0.039964,49592
head-adapt,0.040833,48036
head-adapt,0.041702,46432
head-adapt,0.042571,44416
head-adapt,0.043439,42724
head-adapt,0.044308,40983
head-adapt,0.045177,39290
head-adapt,0.046046,38009
head-adapt,0.046915,36500
head-adapt,0.047783,34729
head-adapt,0.048652,33626
head-adapt,0.049521,31924
head-adapt,0.05039,30586
head-adapt,0.051258,29236
head-adapt,0.052127,28085
head-adapt,0.052996,26684
head-adapt,0.053865,25674
head-adapt,0.054734,24446
head-adapt,0.055602,22987
head-adapt,0.056471,21807
head-adapt,0.05734,20557
head-adapt,0.058209,19443
head-adapt,0.059078,18769
head-adapt,0.059946,17597
head-adapt,0.060815,16755
head-adapt,0.061684,15748
head-adapt,0.062553,14989
head-adapt,0.063421,14244
head-adapt,0.06429,13491
head-adapt,0.065159,12542
head-adapt,0.066028,11771
head-adapt,0.066897,11271
head-adapt,0.067765,10582
head-adapt,0.068634,9806
head-adapt,0.069503,9361
head-adapt,0.070372,8649
head-adapt,0.071241,8347
head-adapt,0.072109,7780
head-adapt,0.072978,7044
head-adapt,0.073847,6665
head-adapt,0.074716,6336
head-adapt,0.075584,5903
head-adapt,0.076453,5374
head-adapt,0.077322,5037
head-adapt,0.078191,4847
head-adapt,0.07906,4366
head-adapt,0.079928,4146
head-adapt,0.080797,3798
head-adapt,0.081666,3606
head-adapt,0.082535,3252
head-adapt,0.083404,3044
head-adapt,0.084272,2806
head-adapt,0.085141,2540
head-adapt,0.08601,2378
head-adapt,frac_below_0.001,0.02528
head-adapt,frac_below_0.005,0.12593
head-adapt,frac_below_0.01,0.24896
head-adapt,frac_below_0.02,0.47523
head-adapt,frac_below_0.05,0.89025
