tag,head_norm,loss,negsep_w,hmargin_m,aux_scale,epochs,seed,bit,en_t2i_r1,en_t2i_r5,en_t2i_r10,en_i2t_r1,en_i2t_r5,en_i2t_r10,ko_t2i_r1,ko_t2i_r5,ko_t2i_r10,hmargin_bits,hmargin_std,naninf,secs
bn-infonce-e25-s0,bn,infonce,0.5,0.1,1.0,25,0,64,27.4,55.16,67.46,27.16,54.94,67.54,14.54,35.16,47.2,-2.886,4.755,0,770.1
bn-infonce-e25-s0,bn,infonce,0.5,0.1,1.0,25,0,128,34.28,63.3,74.92,32.86,62.82,75.3,18.86,42.44,54.86,-3.666,8.575,0,771.9
bn-infonce-e25-s0,bn,infonce,0.5,0.1,1.0,25,0,256,38.62,67.86,78.18,38.42,67.24,78.52,22.74,46.9,59.56,-4.904,16.042,0,774.1
bn-infonce-e25-s0,bn,infonce,0.5,0.1,1.0,25,0,512,41.0,69.8,80.12,40.48,69.76,80.16,24.36,49.84,61.3,-7.386,30.964,0,777.1
bn-infonce-e25-s0,bn,infonce,0.5,0.1,1.0,25,0,1024,42.34,70.98,80.88,42.04,70.58,80.74,25.3,50.84,62.74,-12.176,60.915,0,782.6
bn-infonce-s0,bn,infonce,0.5,0.1,1.0,15,0,64,27.1,55.1,67.58,26.78,54.94,67.7,15.12,35.42,47.08,-2.884,4.702,0,492.8
bn-infonce-s0,bn,infonce,0.5,0.1,1.0,15,0,128,33.82,63.7,75.06,32.82,63.02,74.74,19.06,43.4,55.8,-3.6,8.455,0,494.7
bn-infonce-s0,bn,infonce,0.5,0.1,1.0,15,0,256,38.36,67.36,77.84,37.28,66.94,77.9,22.44,47.46,60.26,-4.783,15.862,0,496.9
bn-infonce-s0,bn,infonce,0.5,0.1,1.0,15,0,512,41.66,69.38,79.34,40.02,69.42,79.64,24.68,49.88,62.42,-7.196,30.525,0,499.8
bn-infonce-s0,bn,infonce,0.5,0.1,1.0,15,0,1024,42.76,70.08,80.62,41.72,70.28,80.66,25.92,51.2,63.32,-11.965,60.008,0,504.9
bn-aux0-s0,bn,infonce,0.5,0.1,0.0,15,0,64,26.56,54.54,67.92,26.3,54.22,68.16,14.86,34.5,47.16,-2.948,4.692,0,503.6
bn-aux0-s0,bn,infonce,0.5,0.1,0.0,15,0,128,33.82,63.08,75.46,32.54,62.96,74.46,18.36,43.36,56.24,-3.66,8.488,0,505.4
bn-aux0-s0,bn,infonce,0.5,0.1,0.0,15,0,256,38.24,67.22,78.0,37.34,67.26,78.12,22.98,48.36,59.74,-4.84,15.866,0,507.7
bn-aux0-s0,bn,infonce,0.5,0.1,0.0,15,0,512,41.54,69.36,79.76,40.66,69.34,79.86,24.72,50.6,62.68,-7.168,30.486,0,510.6
bn-aux0-s0,bn,infonce,0.5,0.1,0.0,15,0,1024,42.64,70.44,80.7,41.88,70.54,80.58,26.02,51.66,63.52,-11.77,59.93,0,515.8
bn-hmargin-m10-s0,bn,hmargin,0.5,0.1,1.0,15,0,64,27.4,52.36,61.9,26.88,51.98,61.82,15.3,31.58,41.1,-2.882,4.765,0,131.4
bn-hmargin-m10-s0,bn,hmargin,0.5,0.1,1.0,15,0,128,36.2,62.6,72.44,36.14,62.24,72.48,20.56,42.34,52.54,-3.091,8.591,0,133.2
bn-hmargin-m10-s0,bn,hmargin,0.5,0.1,1.0,15,0,256,41.66,68.24,77.0,40.6,68.52,78.18,24.7,48.56,58.88,-3.377,15.943,0,135.5
bn-hmargin-m10-s0,bn,hmargin,0.5,0.1,1.0,15,0,512,44.78,71.16,79.94,44.6,71.6,80.56,27.66,51.66,62.42,-3.628,30.861,0,138.4
bn-hmargin-m10-s0,bn,hmargin,0.5,0.1,1.0,15,0,1024,47.0,72.42,81.42,46.4,73.16,81.7,28.86,53.78,64.22,-3.218,59.948,0,143.4
bn-hmargin-m05-s0,bn,hmargin,0.5,0.05,1.0,15,0,64,27.4,52.36,61.9,26.88,51.98,61.82,15.3,31.58,41.1,-2.882,4.765,0,189.5
bn-hmargin-m05-s0,bn,hmargin,0.5,0.05,1.0,15,0,128,36.2,62.6,72.44,36.14,62.24,72.48,20.56,42.34,52.54,-3.091,8.591,0,191.4
bn-hmargin-m05-s0,bn,hmargin,0.5,0.05,1.0,15,0,256,41.66,68.24,77.0,40.6,68.52,78.18,24.7,48.56,58.88,-3.377,15.943,0,193.6
bn-hmargin-m05-s0,bn,hmargin,0.5,0.05,1.0,15,0,512,44.78,71.16,79.94,44.6,71.6,80.56,27.66,51.66,62.42,-3.628,30.861,0,196.5
bn-hmargin-m05-s0,bn,hmargin,0.5,0.05,1.0,15,0,1024,47.0,72.42,81.42,46.4,73.16,81.7,28.86,53.78,64.22,-3.218,59.948,0,201.6
bn-hmargin-m20-s0,bn,hmargin,0.5,0.2,1.0,15,0,64,27.4,52.36,61.9,26.88,51.98,61.82,15.3,31.58,41.1,-2.882,4.765,0,129.2
bn-hmargin-m20-s0,bn,hmargin,0.5,0.2,1.0,15,0,128,36.2,62.6,72.44,36.14,62.24,72.48,20.56,42.34,52.54,-3.091,8.591,0,131.1
bn-hmargin-m20-s0,bn,hmargin,0.5,0.2,1.0,15,0,256,41.66,68.24,77.0,40.6,68.52,78.18,24.7,48.56,58.88,-3.377,15.943,0,133.2
bn-hmargin-m20-s0,bn,hmargin,0.5,0.2,1.0,15,0,512,44.78,71.16,79.94,44.6,71.6,80.56,27.66,51.66,62.42,-3.628,30.861,0,136.2
bn-hmargin-m20-s0,bn,hmargin,0.5,0.2,1.0,15,0,1024,47.0,72.42,81.42,46.4,73.16,81.7,28.86,53.78,64.22,-3.218,59.948,0,141.3
bn-hardneg-s0,bn,hardneg,0.5,0.1,1.0,15,0,64,0.72,2.66,4.7,0.96,2.78,4.78,0.64,2.22,3.98,-2.081,6.19,0,208.3
bn-hardneg-s0,bn,hardneg,0.5,0.1,1.0,15,0,128,0.76,3.56,6.28,1.06,3.66,6.34,0.76,2.9,5.26,-3.969,11.649,0,209.9
bn-hardneg-s0,bn,hardneg,0.5,0.1,1.0,15,0,256,1.32,4.52,7.94,1.06,4.78,8.02,0.98,3.62,6.36,-7.777,22.409,0,212.0
bn-hardneg-s0,bn,hardneg,0.5,0.1,1.0,15,0,512,1.8,5.78,10.24,1.54,5.84,10.24,0.94,4.68,7.42,-16.12,43.181,0,214.9
bn-hardneg-s0,bn,hardneg,0.5,0.1,1.0,15,0,1024,1.98,6.32,10.62,1.6,6.06,10.68,1.08,4.48,7.64,-33.233,84.344,0,220.1
bn-inceHmargin-w10-s0,bn,infonce_hmargin,10.0,0.1,1.0,15,0,64,27.26,55.1,67.4,26.68,54.68,67.86,15.4,35.34,47.1,-2.876,4.686,0,505.1
bn-inceHmargin-w10-s0,bn,infonce_hmargin,10.0,0.1,1.0,15,0,128,34.1,63.6,75.08,32.36,63.1,74.66,19.1,43.42,55.64,-3.581,8.455,0,506.9
bn-inceHmargin-w10-s0,bn,infonce_hmargin,10.0,0.1,1.0,15,0,256,38.2,67.56,77.66,37.12,67.28,77.92,22.88,47.72,60.6,-4.767,15.817,0,509.2
bn-inceHmargin-w10-s0,bn,infonce_hmargin,10.0,0.1,1.0,15,0,512,41.62,69.56,79.2,40.24,69.4,79.74,24.72,49.92,62.48,-7.177,30.511,0,512.1
bn-inceHmargin-w10-s0,bn,infonce_hmargin,10.0,0.1,1.0,15,0,1024,42.58,70.18,80.52,41.56,70.52,80.46,25.46,51.54,63.24,-11.938,59.998,0,517.6
bn-inceHardneg-w1-s0,bn,infonce_hardneg,1.0,0.1,1.0,15,0,64,27.14,54.86,67.48,26.08,53.5,67.2,15.06,35.12,47.92,-2.912,4.723,0,548.6
bn-inceHardneg-w1-s0,bn,infonce_hardneg,1.0,0.1,1.0,15,0,128,34.34,63.14,74.86,32.76,62.84,74.08,18.58,42.52,55.46,-3.665,8.5,0,550.4
bn-inceHardneg-w1-s0,bn,infonce_hardneg,1.0,0.1,1.0,15,0,256,38.38,67.3,77.9,37.38,66.76,77.98,22.46,47.22,60.14,-4.894,15.967,0,552.7
bn-inceHardneg-w1-s0,bn,infonce_hardneg,1.0,0.1,1.0,15,0,512,41.42,69.12,79.34,39.94,68.92,79.66,24.68,50.14,62.44,-7.474,30.709,0,555.7
bn-inceHardneg-w1-s0,bn,infonce_hardneg,1.0,0.1,1.0,15,0,1024,42.32,70.02,80.6,41.24,70.38,80.5,25.94,51.12,63.24,-12.413,60.145,0,561.1
bn-infonce-s1,bn,infonce,0.5,0.1,1.0,15,1,64,27.32,54.38,68.44,26.54,54.78,67.86,14.08,35.22,47.78,-2.815,4.628,0,478.5
bn-infonce-s1,bn,infonce,0.5,0.1,1.0,15,1,128,32.92,62.86,75.14,33.08,63.88,75.0,18.7,42.38,55.62,-3.649,8.42,0,480.3
bn-infonce-s1,bn,infonce,0.5,0.1,1.0,15,1,256,38.36,67.08,78.36,37.98,66.96,78.08,22.46,47.24,59.82,-4.956,15.745,0,482.5
bn-infonce-s1,bn,infonce,0.5,0.1,1.0,15,1,512,40.66,69.48,79.98,40.4,69.82,79.4,24.08,49.68,61.72,-7.503,30.364,0,485.5
bn-infonce-s1,bn,infonce,0.5,0.1,1.0,15,1,1024,42.38,70.82,80.84,41.66,71.08,80.94,25.7,51.3,63.34,-12.246,59.925,0,490.6
bn-aux0-s1,bn,infonce,0.5,0.1,0.0,15,1,64,27.16,55.38,67.54,27.16,55.22,68.2,13.94,35.24,47.48,-2.825,4.658,0,454.9
bn-aux0-s1,bn,infonce,0.5,0.1,0.0,15,1,128,33.94,62.74,74.9,33.46,63.92,75.08,18.98,42.28,55.14,-3.646,8.511,0,456.8
bn-aux0-s1,bn,infonce,0.5,0.1,0.0,15,1,256,38.78,67.02,78.98,37.96,68.1,78.56,21.98,47.9,59.76,-4.849,15.797,0,459.0
bn-aux0-s1,bn,infonce,0.5,0.1,0.0,15,1,512,41.02,69.66,80.34,41.14,70.16,80.3,24.24,50.42,62.4,-7.336,30.389,0,462.0
bn-aux0-s1,bn,infonce,0.5,0.1,0.0,15,1,1024,42.48,71.26,81.02,41.7,71.1,81.38,25.8,51.72,63.78,-11.79,59.916,0,467.2
bn-hmargin-m10-s1,bn,hmargin,0.5,0.1,1.0,15,1,64,27.36,51.64,61.38,27.1,51.54,61.66,13.4,31.18,40.42,-2.896,4.729,0,155.1
bn-hmargin-m10-s1,bn,hmargin,0.5,0.1,1.0,15,1,128,35.72,62.76,72.58,36.2,62.92,72.3,20.18,41.4,51.1,-3.067,8.468,0,156.9
bn-hmargin-m10-s1,bn,hmargin,0.5,0.1,1.0,15,1,256,41.82,67.94,77.2,41.5,68.28,78.0,24.48,47.94,58.98,-3.193,15.831,0,159.1
bn-hmargin-m10-s1,bn,hmargin,0.5,0.1,1.0,15,1,512,45.02,70.98,79.78,44.3,71.72,80.42,27.2,51.62,62.38,-3.313,30.531,0,162.1
bn-hmargin-m10-s1,bn,hmargin,0.5,0.1,1.0,15,1,1024,47.38,72.2,81.42,45.72,73.26,81.88,28.56,53.88,64.9,-3.622,59.873,0,167.4
bn-hmargin-m05-s1,bn,hmargin,0.5,0.05,1.0,15,1,64,27.36,51.64,61.38,27.1,51.54,61.66,13.4,31.18,40.42,-2.896,4.729,0,131.6
bn-hmargin-m05-s1,bn,hmargin,0.5,0.05,1.0,15,1,128,35.72,62.76,72.58,36.2,62.92,72.3,20.18,41.4,51.1,-3.067,8.468,0,133.5
bn-hmargin-m05-s1,bn,hmargin,0.5,0.05,1.0,15,1,256,41.82,67.94,77.2,41.5,68.28,78.0,24.48,47.94,58.98,-3.193,15.831,0,135.7
bn-hmargin-m05-s1,bn,hmargin,0.5,0.05,1.0,15,1,512,45.02,70.98,79.78,44.3,71.72,80.42,27.2,51.62,62.38,-3.313,30.531,0,138.6
bn-hmargin-m05-s1,bn,hmargin,0.5,0.05,1.0,15,1,1024,47.38,72.2,81.42,45.72,73.26,81.88,28.56,53.88,64.9,-3.622,59.873,0,144.1
bn-hmargin-m20-s1,bn,hmargin,0.5,0.2,1.0,15,1,64,27.36,51.64,61.38,27.1,51.54,61.66,13.4,31.18,40.42,-2.896,4.729,0,188.7
bn-hmargin-m20-s1,bn,hmargin,0.5,0.2,1.0,15,1,128,35.72,62.76,72.58,36.2,62.92,72.3,20.18,41.4,51.1,-3.067,8.468,0,190.6
bn-hmargin-m20-s1,bn,hmargin,0.5,0.2,1.0,15,1,256,41.82,67.94,77.2,41.5,68.28,78.0,24.48,47.94,58.98,-3.193,15.831,0,192.9
bn-hmargin-m20-s1,bn,hmargin,0.5,0.2,1.0,15,1,512,45.02,70.98,79.78,44.3,71.72,80.42,27.2,51.62,62.38,-3.313,30.531,0,196.0
bn-hmargin-m20-s1,bn,hmargin,0.5,0.2,1.0,15,1,1024,47.38,72.2,81.42,45.72,73.26,81.88,28.56,53.88,64.9,-3.622,59.873,0,201.6
bn-hardneg-s1,bn,hardneg,0.5,0.1,1.0,15,1,64,0.84,2.94,5.2,0.72,2.56,4.62,0.56,2.38,4.14,-1.983,6.085,0,415.1
bn-hardneg-s1,bn,hardneg,0.5,0.1,1.0,15,1,128,0.86,3.64,6.24,0.96,3.54,6.22,0.66,2.52,4.62,-3.907,11.618,0,416.8
bn-hardneg-s1,bn,hardneg,0.5,0.1,1.0,15,1,256,1.4,5.42,8.82,1.14,5.1,8.72,0.96,3.26,5.92,-7.756,21.887,0,419.0
bn-hardneg-s1,bn,hardneg,0.5,0.1,1.0,15,1,512,1.8,6.34,10.42,1.46,6.16,10.18,1.12,4.44,7.62,-16.05,42.2,0,422.0
bn-hardneg-s1,bn,hardneg,0.5,0.1,1.0,15,1,1024,2.0,6.72,11.3,1.82,7.16,11.5,1.28,5.0,8.12,-33.46,83.337,0,427.8
bn-inceHmargin-w10-s1,bn,infonce_hmargin,10.0,0.1,1.0,15,1,64,27.12,54.56,67.72,26.9,55.04,67.86,13.98,35.82,47.68,-2.817,4.635,0,566.4
bn-inceHmargin-w10-s1,bn,infonce_hmargin,10.0,0.1,1.0,15,1,128,33.56,63.1,75.04,32.98,63.72,74.84,18.74,42.32,55.66,-3.662,8.432,0,568.3
bn-inceHmargin-w10-s1,bn,infonce_hmargin,10.0,0.1,1.0,15,1,256,38.64,66.64,78.58,37.92,66.84,78.2,22.58,47.48,59.56,-4.971,15.757,0,570.6
bn-inceHmargin-w10-s1,bn,infonce_hmargin,10.0,0.1,1.0,15,1,512,40.6,69.36,80.08,40.18,69.72,79.66,24.1,49.66,61.84,-7.535,30.349,0,573.7
bn-inceHmargin-w10-s1,bn,infonce_hmargin,10.0,0.1,1.0,15,1,1024,42.18,70.94,80.7,41.66,71.14,81.16,25.66,51.48,63.4,-12.233,59.92,0,579.4
bn-aux4-s0,bn,infonce,0.5,0.1,4.0,15,0,64,26.08,54.26,68.46,25.94,54.16,67.58,14.64,34.88,47.22,-2.91,4.665,0,575.3
bn-aux4-s0,bn,infonce,0.5,0.1,4.0,15,0,128,32.98,62.44,74.68,32.76,62.32,74.16,18.16,42.64,54.6,-3.681,8.339,0,577.2
bn-aux4-s0,bn,infonce,0.5,0.1,4.0,15,0,256,37.64,66.7,77.82,36.92,66.36,77.7,21.8,46.92,59.04,-5.058,15.777,0,579.5
bn-aux4-s0,bn,infonce,0.5,0.1,4.0,15,0,512,40.9,68.58,79.5,39.16,68.52,79.32,23.94,49.46,61.42,-7.774,30.389,0,582.7
bn-aux4-s0,bn,infonce,0.5,0.1,4.0,15,0,1024,42.14,69.46,80.24,40.76,70.0,80.0,25.32,50.52,62.88,-13.143,59.769,0,588.2
